halite_config_setting_divisor,min_spawns_after_conversions,collect_smoothed_multiplier,collect_actual_multiplier,return_base_multiplier,early_game_return_base_additional_multiplier,early_game_return_boost_step,end_game_return_base_additional_multiplier,establish_base_smoothed_multiplier,establish_first_base_smoothed_multiplier_correction,establish_base_deposit_multiplier,collect_run_enemy_multiplier,return_base_run_enemy_multiplier,establish_base_run_enemy_multiplier,collect_catch_enemy_multiplier,return_base_catch_enemy_multiplier,establish_base_catch_enemy_multiplier,ignore_catch_prob,max_ships,max_spawns_per_step,nearby_ship_halite_spawn_constant,nearby_halite_spawn_constant,remaining_budget_spawn_constant,spawn_score_threshold,max_spawn_relative_step_divisor,Average win rate
1.0000000000530964,1.0,0.1245419505258874,4.233399705358286,6.434975326620556,7.883337576067633,63.0,5.016369607055043,0.5860350922180869,0.2422906592795601,0.5304335091966608,6.683051801142793,0.23117741682591336,3.73361254275337,1.8143894326942267,0.5875782850672114,3.2418410912632427,0.3654900858185573,24.0,2.0,0.9739186510303092,31.91392325159258,0.22443339145107646,29.731766550981675,43.39425980508256,0.5300000000000001
1.0000000000970268,1.0,0.08909295419163953,1.319718183277321,6.207659419800688,6.319486915454936,97.0,11.66181273431132,0.2205818275440408,0.08654584328144323,0.7792266594980928,4.363808237668693,1.7314229462329425,4.111958406887517,0.06587076052800335,0.16337665868656573,3.1087290206810634,0.3456803011880305,20.0,2.0,0.402338534848277,35.814955597792896,0.2089828247557544,22.560458235436506,66.44596980411468,0.6133333333333333
1.0000000000265628,0.0,0.13381778146975787,4.94169648013654,4.977683315949534,3.6239857818196852,74.0,11.454250547098367,0.9726563613777937,0.338583686766706,0.9200299867771098,9.702317497109439,1.7012516953458283,2.0792516249476494,0.15248038247909504,1.3653251734466978,2.256925589399404,0.4817580046801986,17.0,1.0,1.29638508451899,37.909200679115145,0.28642419404539504,34.520181820328304,94.43620105963238,0.6666666666666669
1.0000000000912672,1.0,0.0004840035851743086,1.3863438314792518,3.1288619799198987,4.19611796504823,57.0,8.687573084090808,0.6796370325169102,0.032288789821699256,0.5465370658147457,6.575482971352607,1.9925231345030407,1.6946929009326932,1.5786815809180383,1.4492185656356913,2.4273772714659176,0.3106980662927706,18.0,1.0,0.7859778610774013,35.140187658513085,0.17594948307930414,10.8502463225364,92.23701093870336,0.5633333333333332
1.0000000000551448,1.0,0.046649685597603775,3.2367052123162745,5.613037940318352,5.8258656842170575,132.0,5.211593430985822,0.40136863167145176,0.1561477398349508,0.9824353870815736,3.126064279544956,1.6647065875051743,4.969252765971901,1.3538380261773677,0.024364026148481883,1.3103334485863731,0.40147497036321467,21.0,2.0,0.2753627138150401,28.77434460942158,0.08653006998432798,30.287647109982252,81.49850578283494,0.6566666666666667
1.0000000000528289,1.0,0.13985623261253813,2.288529819200259,4.450991414884259,7.298847013806328,132.0,6.928583032397428,0.9006633570010673,0.8431417595993101,0.5186607322291846,4.0824386908531896,0.7445436511899345,3.0988848555425488,1.0409932920815272,0.2553303900303692,1.7052392228564053,0.3728336559989279,24.0,1.0,1.2414741424040072,32.69302544959834,0.2717758057488648,77.71763928389035,79.30770902146955,0.6433333333333334
1.0000000000167393,0.0,0.19662068659391874,2.047175674560451,4.511598004851149,7.7403042153328,137.0,13.689528205441327,0.5398586273859122,0.9125492274165315,0.5835315823632593,8.982748079400302,0.4532857420896656,1.6489704678038717,0.8421805821173891,0.9465806978980524,4.649942861668944,0.3183574172950208,23.0,1.0,0.3855084242505794,30.31325715815257,0.07509084551938823,46.42901500773996,61.76941045807989,0.5933333333333333
1.000000000010133,0.0,0.19106250115974915,3.1042406687198483,6.130276361700518,6.657550351221802,67.0,11.689668006313765,0.7653963470791,0.7192785877316694,0.5421251619002158,7.43995096686657,0.9507988499221308,3.1227966605948416,0.9355819565502292,1.2623761771860982,3.5625780188882383,0.4708593175415769,22.0,1.0,1.0847934672742243,13.232388161861172,0.1368437152501148,25.887957115344392,73.73594694373324,0.7466666666666667
1.0000000000217573,0.0,0.1765707470261369,3.970830296906685,4.044435988136592,3.6428404432166257,89.0,8.682935465718481,0.8814935659274687,0.9235090973848824,0.7466856635320998,4.2645517544594815,0.5805945861790965,3.68945278321164,1.3331522509460358,0.7299096317216461,1.842890963824548,0.4109598326129461,22.0,2.0,0.9765466661304882,26.397265564473077,0.06434721124770153,92.37429351686303,92.50208050741136,0.7966666666666667
1.000000000005461,1.0,0.16955172687975098,2.4812646310848607,6.778451361519562,4.756031518424416,64.0,9.585949317020404,0.2582528487634525,0.38469458348824004,0.5019045310312905,8.723937667311336,1.0658244068402911,4.266003356795763,1.5712606975398653,0.9247505726184077,3.618477001283938,0.4322077670473247,17.0,2.0,0.9632513855510862,33.01245324650197,0.256438414217632,27.08179750663823,41.11779951391443,0.7566666666666667
1.0000000000109397,0.0,0.2,4.169163508345586,4.102484515995897,3.0489599881333453,83.0,9.983327362179224,0.8307651675868065,1.0,0.7182768543568476,5.018936371629412,0.5125492931734852,3.651772534551775,1.3751837673982283,0.9635419939954528,2.3236132645443512,0.4216799057395634,21.0,2.0,1.004826187587084,24.72752815401451,0.057952095278788585,100.0,85.48379632127191,0.7266666666666667
1.0000000000260678,0.0,0.2,2.496199023355766,7.0,4.997341690541784,83.0,10.619251718074294,0.4314534655833016,0.8893688608603169,0.9266906444074012,9.536352630812418,0.4833867406961697,4.747343225352582,1.5923360355951934,1.9386651655490563,4.4407800956150005,0.5,23.0,2.0,0.3628792773571991,10.0,0.05,0.0,64.590899119274,0.6699999999999998
1.000000000025113,0.0,0.02112522795247593,3.631744575920285,3.0,8.0,150.0,15.0,0.1337964198180467,1.0,0.5,6.784111372168642,0.11389435107566698,3.138778259848172,0.0,0.03633360639224281,1.1134820124318177,0.4251219386235102,25.0,1.0,0.498034721071677,16.29185095349036,0.16702102979810454,96.9301475160498,52.104190432682856,0.5966666666666667
1.0000000000095226,0.0,0.2,5.5209935233641065,6.3380884337631445,4.357781986453018,150.0,12.771437506231642,0.9674201862540632,0.5456963657834255,0.839055993006081,9.563484700524947,0.7838187942198201,1.2139591766607474,0.8304456480984197,0.0,4.886886451294728,0.421986176599216,21.0,1.0,0.6624677169428159,20.614220592908765,0.16478655471766376,43.610557088686114,92.47247195990906,0.8133333333333335
1.0000000000222895,0.0,0.18155420633942407,5.758143714949838,4.971769175740462,4.229134116751763,150.0,11.599940456129934,1.0,0.8345018700979819,0.8866954883467846,6.5457157717740895,0.6823342289128129,1.2668498108848527,0.7411587290634167,0.0,3.544077816908672,0.4051870460483013,23.0,1.0,0.748395110293124,21.523579824969467,0.09392653558083487,73.67358679150206,100.0,0.7599999999999999
1.0000000000370848,1.0,0.2,3.9608486909360137,6.050679830204433,2.0,142.0,12.293777588533876,0.19381689084082096,0.23624909425173066,0.8631501396493948,4.605746717541262,1.2136529701115373,2.637844272240621,0.05177444422519098,0.0,2.036833824096388,0.3625581598341972,23.0,2.0,0.8312661286204656,39.527736686945524,0.2376163414396101,65.5547253194792,20.0,0.6299999999999999
1.0000000000632745,1.0,0.2,2.2191349411920664,4.000189396711003,5.470823659143342,71.0,9.851410951080288,0.3104296854032137,0.8429902199610673,0.5800225426788249,3.3918617425247075,0.563996321226031,3.8638498219996964,0.12202678578491415,0.33890841529251176,0.8686005772467431,0.4289720737598493,17.0,1.0,0.5735821149451257,36.00907194299697,0.05543153189345885,92.76498425090575,100.0,0.8233333333333335
1.0000000000152216,1.0,0.2,1.0,4.705183387472227,5.462140806585664,50.0,14.153210796128947,0.11181222368293901,0.9582090530825929,0.5,10.0,0.0,0.7984831259741932,1.8702397982039958,2.0,2.2247138144959964,0.4286224939204257,24.0,2.0,1.338047180526821,10.582320158761798,0.28844884991931546,32.81709231756629,100.0,0.4766666666666666
1.0000000000643077,0.0,0.0,3.3482114477069995,5.853307204005732,2.88660952642677,98.0,14.913573666261131,0.7711217795317171,0.13887428669030452,0.8614597218961353,9.229491195893974,0.7723793863628987,1.6947015845160402,0.6003689546066133,0.4432065098111999,0.36113487074321377,0.4907951685495946,21.0,2.0,1.831436261654119,26.51496665412971,0.1594818791729743,45.90853655710512,73.38910069484676,0.7099999999999999
1.0000000000535714,1.0,0.2,3.2081985282373036,4.795051759401392,6.4584545238686815,89.0,9.96033293667868,0.26391183883243263,1.0,0.7254496829174921,3.0,0.0,3.3900011661995637,0.11744710296204153,0.3284825914667707,0.6138539203093939,0.4597132764408343,16.0,1.0,0.0,33.345865189545485,0.06283603400591062,90.38643196759877,84.86677496221253,0.55
1.000000000029344,0.0,0.1979403348239525,4.06795950017724,5.4098457360046766,3.962023312239232,71.0,9.39263927184443,0.5901751551322421,0.6647535181704263,0.7622577657091798,5.802254834773241,0.7796504169350962,4.317521232419508,0.7046476564599561,0.3884545944369376,2.285840517237168,0.4890461219316535,17.0,1.0,0.5261335047472364,25.051692766608,0.05,63.32099995744825,100.0,0.7800000000000001
1.000000000094278,0.0,0.12201251444177375,3.5469136522403653,3.3505712192863166,6.9687490397605165,66.0,6.6796978211263625,0.5089109810326696,0.9758179745206682,0.5740921095338535,6.8367634811789815,1.6727138168351785,2.4956871548486275,0.5506198806385091,1.428697905126228,2.2851179065812444,0.4880959469676955,19.0,2.0,1.5728681573869097,13.849610441564385,0.07127255354364635,16.922502194769088,83.15105615387587,0.7366666666666666
1.0000000000453215,0.0,0.2,2.9804037980895046,4.056457840697149,4.933195782473062,93.0,10.234224071875824,0.5269860614858738,0.8312036747725063,0.6392306275910151,4.161750331805076,0.6996749110195137,3.734609120830956,0.02949325457553626,0.33065142526624963,2.5525849081679954,0.4297168459053627,15.0,1.0,0.36283106941611215,31.998483231504355,0.05,100.0,100.0,0.8333333333333333
1.0000000000234206,1.0,0.03695805182750767,3.1467416461068893,3.0,4.6607403109163945,125.0,8.006847463534532,0.11236090268426452,0.7767646021853274,0.5,7.447723053244928,0.8518408478693751,2.3787920596801486,0.260726419835959,0.0,0.0,0.4369240227774538,15.0,2.0,0.0,40.0,0.05,100.0,36.43688796862314,0.8066666666666668
1.0000000000030047,1.0,0.2,1.4078513722996884,6.872790022211152,4.968550321319109,52.0,12.833573096279292,0.5055387148572738,0.016077633331442125,0.8441562133421178,3.8960114958384455,0.6925838925174073,5.0,1.7156343900357338,0.0,4.1790461053859564,0.4450643785627961,16.0,1.0,1.0758362590940442,25.87407197871357,0.26000252470079743,9.865604589202576,85.145462084619,0.6933333333333336
1.00000000002793,0.0,0.2,5.647424021774082,6.247213276942661,5.378292218693089,102.0,10.899543047506633,0.5655381862026885,1.0,0.7141390808360233,8.444186385845295,0.8275346390604603,0.878736083744796,0.3977199800500527,0.9215669307148944,3.7294334169837615,0.5,20.0,1.0,1.489232317330919,10.0,0.05,100.0,100.0,0.8299999999999998
1.0000000000036866,0.0,0.2,1.7987293133304272,6.118546556607171,5.6849749470479365,140.0,15.0,0.2900667110005942,0.0,0.5058303516599003,8.538016903003273,1.0435966809398822,2.9722495585412547,2.0,0.7838149877813088,2.391569311481929,0.5,22.0,1.0,0.18580582857991126,20.635194559075817,0.05,100.0,100.0,0.6866666666666668
1.0000000000184686,0.0,0.0485787781794878,5.041379749604314,4.0003929521997,5.356249023133062,50.0,8.384446212207774,0.8467777860019857,1.0,1.0,3.0,1.1007176651133603,0.0,0.0,0.12397077180613908,0.4761140167722936,0.5,19.0,2.0,0.0,40.0,0.3,29.01013327062232,100.0,0.7633333333333333
1.0000000000924756,1.0,0.2,3.5508856049236286,7.0,5.40732604623312,91.0,11.509968584945836,1.0,0.06986967976748802,0.7550436222561715,10.0,0.7494899411965154,4.664474709790383,0.0,2.0,3.798868415808592,0.3787756943846407,15.0,1.0,1.5261968694647965,21.359902352387266,0.05,100.0,36.759272687937376,0.7933333333333331
1.0000000000367757,1.0,0.2,5.72167854596539,4.185995108633972,5.123584018888558,102.0,13.901525348549669,0.3961669213899327,1.0,0.5,6.665431034327161,0.7523546907579863,4.816539165577392,0.0,1.1725549664870234,0.8083090054817348,0.4775358438565768,23.0,1.0,1.5542890011168362,36.27870050052221,0.11911778631179405,86.73824839854927,77.19715119342763,0.8166666666666668
1.0000000000774327,0.0,0.13905215653273587,1.7737007791194754,4.8506890795060045,4.667323284968992,114.0,12.514077968928495,0.6284329169293935,1.0,0.8736450960511741,3.622033838228056,0.6970299167423074,4.083587284246103,0.0,0.3376004255652622,1.2805268805396064,0.3,22.0,2.0,1.5106984250560531,19.41139863087909,0.05,90.87893483944609,69.45977652717502,0.7433333333333336
1.0000000000755265,0.0,0.2,4.691281742458194,4.8352405953406645,5.206630313519659,66.0,5.0,0.6208661197119699,1.0,0.5,7.298184466177254,0.7578201101737387,2.494156570206142,0.0,0.9493194737132064,5.0,0.4653509239975704,16.0,2.0,1.7029787459099208,19.832923189447808,0.05,85.12349118982725,70.87074726695751,0.82
1.000000000026533,0.0,0.10887065712208616,5.024013324309854,5.566992018234922,8.0,130.0,12.954712362100295,0.5742023431318073,0.992872560481466,0.8880468184609741,3.0516458942332854,2.0,2.9656070620174257,2.0,1.709523531085979,3.975540583799032,0.5,21.0,1.0,1.7648663558559234,16.541800643778643,0.05,3.3672750255917365,72.20600710223677,0.6033333333333333
1.0000000000385496,1.0,0.19337009715706044,5.967928652870404,4.4758726993459,2.0,73.0,5.4012982613816725,0.227216757289862,0.751216510248335,0.7744671768828967,4.288694564779618,0.8320999601333354,1.5575685686854452,2.0,0.5079685104362371,3.9182489788728665,0.3,17.0,1.0,0.44194985393242897,31.80536496631647,0.05,38.25164190985048,97.77283655140106,0.7233333333333334
1.0000000000301497,0.0,0.19922718468889544,6.0,3.3530585551040435,4.97170099133502,78.0,12.637107793456021,0.4414899629041605,1.0,0.5,8.420474155300896,0.7355952120209373,4.649612197636442,0.17268145260723744,1.701369235490816,2.804330422465834,0.5,15.0,1.0,0.6897481770554503,27.981271157966805,0.05,100.0,82.10897375942852,0.77
1.0000000001,0.0,0.2,2.836303780295462,7.0,5.120340983354018,59.0,5.0,0.4371392913007172,1.0,0.664453354852524,7.447164003312047,0.8060361880375482,1.2926042851021622,0.0,1.046424294731591,2.3418376387557984,0.4371709287457337,25.0,2.0,1.9039949376579064,19.09153501924918,0.12262553203858854,33.44530439916403,100.0,0.8233333333333335
1.0000000000501472,1.0,0.2,3.0592384593796162,4.52359224514194,8.0,112.0,5.0,0.2307852694807645,1.0,0.6853058395365454,3.0,1.12427300712264,0.20242771645533053,0.0,1.2690618946697816,5.0,0.5,24.0,2.0,0.3926371955575948,37.01046843787334,0.05,50.68271249901938,28.294918006880337,0.6133333333333334
1.0000000000475295,0.0,0.1807506095698811,4.048427410059069,6.087412141256692,5.309972631023691,102.0,10.418842793048887,0.8407179226576688,0.7811671354633757,0.6112431221521388,8.080408115355873,0.8173159415544591,1.0909814668569942,0.08920356632680608,0.0,3.2103357702588142,0.3758021448132193,23.0,1.0,0.9980195267140941,30.868672739802843,0.07413738213644122,57.30483457309117,100.0,0.8433333333333334
1.0000000000693363,1.0,0.12094977425316608,3.8135730268756416,4.20977129535256,5.479990364679416,89.0,8.981149049694142,0.6172227768009577,0.7054856165212513,0.6053076871368737,3.3563579928156466,0.844277105039357,3.903448741927564,0.0,0.0,1.6018977721144176,0.4440250410037215,21.0,1.0,0.20221058515417045,18.537510536852512,0.2947610168853537,28.181728746908988,32.22296778104719,0.75
1.0000000000587828,0.0,0.12626008508151382,3.5978596887749195,3.4867724894865444,4.512687085943664,73.0,8.904741395765516,0.4693342595398472,0.8047034594542842,0.5614643057290365,3.603204624465723,0.6263729987859107,1.1289577923457352,0.4864457910704571,0.0,0.8873727573515928,0.3391285645938999,22.0,1.0,0.8598756229069179,16.485834670163925,0.14427647902995047,37.37622297129664,96.56906611385112,0.8033333333333335
1.000000000040507,1.0,0.14536247400020533,5.837871273260967,4.233414423551915,5.6310234937291215,98.0,12.891138868889822,1.0,1.0,0.9103670672967266,10.0,1.1937506477007809,0.6961659986761255,0.0,0.0,4.553913919695462,0.4052547510114486,17.0,2.0,1.5293993787667366,23.626988732768673,0.2380377309918809,80.2829432243087,78.0886734954033,0.7633333333333334
1.0000000000906013,0.0,0.10818276100171093,4.571549763563109,6.528928921510241,5.20766176170224,88.0,6.377389587456412,0.9241638195658096,1.0,0.5,5.162284351933407,0.8327737041062399,1.147747481330332,0.9575651774891986,1.261765240863739,1.6613405239125396,0.3583214374343736,19.0,2.0,1.951431388003176,31.560516925912605,0.10489797396978157,57.240101274290616,41.93204617400573,0.7333333333333334
1.0000000000366935,0.0,0.09384013104236127,3.839807819660755,3.1961601090857936,5.235373100578829,109.0,9.628334542785806,0.7235718902115591,0.7902202270831719,0.5,9.577901518505259,0.7784048439350714,2.660888686296098,0.054406154724005694,0.43765233388842667,3.3473400291802937,0.4493742132998357,21.0,1.0,0.05762547056753471,16.03144974622071,0.2546726038998519,78.48015734042906,100.0,0.8233333333333335
1.0000000000282292,1.0,0.2,4.4946829942408835,5.4713108118414056,5.131192407551328,95.0,5.0,0.6303491769464611,0.6581731944519573,0.5,10.0,0.8803556004594038,1.7984221431976508,0.0,0.0,3.7130539013235255,0.447865694725765,20.0,1.0,2.0,15.660225085230715,0.05,90.06441459193466,100.0,0.8766666666666666
1.0000000000483469,1.0,0.0,1.0,6.682439058736625,5.148220148287716,97.0,6.381858821451937,0.09569407702394064,0.5508293024164428,0.5,6.803314134109617,1.02562407263038,0.0,0.0,2.0,4.601558523381115,0.4783261387952314,17.0,2.0,0.7901441370364374,23.416501232602574,0.05,49.42776409605982,100.0,0.5599999999999999
1.0000000000730789,1.0,0.2,5.841279203031987,5.907309817171078,4.1796580194542985,118.0,9.15095684293788,0.3964864487168811,1.0,0.5,10.0,0.9456059042585956,2.3524627497461403,1.950368367025108,0.0,0.0,0.3195780140716647,18.0,1.0,0.8568563176594353,31.21903368922893,0.2627642389823518,66.14696557886839,47.09548952469332,0.75
1.0,0.0,0.2,3.278929610909973,3.9369394069505246,4.415860764276873,71.0,11.508733459218144,0.9761588614060928,1.0,0.7580395182232974,10.0,0.7796530319892057,2.253254852254519,0.0,0.0,0.0,0.3891630629945976,25.0,1.0,1.199815569897689,35.242473060447004,0.0618627794603138,2.408231675685026,74.33506994999456,0.81
1.000000000023488,1.0,0.0,5.9304061461214745,3.0,2.0,79.0,5.0,1.0,1.0,0.5,10.0,0.3421202769949238,2.313331514401171,2.0,0.0,3.1352408499446804,0.4195626459880037,17.0,2.0,0.0,40.0,0.2056044203600101,27.032064368977014,100.0,0.6466666666666666
1.0,1.0,0.2,2.7289425957112323,5.0916163126830085,5.100321451346296,137.0,7.051331871322036,0.7397308643190984,0.6081353199581868,0.5,10.0,0.8097549153280726,2.525265198019795,0.0,0.29871952258932466,3.3349179227797685,0.4456744631770463,23.0,1.0,1.8170596827180607,26.563111622952484,0.07584444767951237,28.563627610387787,100.0,0.8266666666666667
1.000000000096276,0.0,0.2,4.6181900840248264,5.813667975365876,5.437243588534094,98.0,8.474473327239329,0.2822936754677306,0.6277690964614222,0.534880837881572,9.53928838053951,0.8914095570202282,1.6810035225743163,1.5413508491369907,0.0,0.0,0.4466925515144009,17.0,1.0,1.2770351981798007,18.772885064366807,0.05580521619906413,92.27321359880136,67.19689996349238,0.8066666666666668
1.0000000000379587,1.0,0.2,4.040770953131839,4.767157099428202,5.252762448848043,115.0,5.859720684518317,0.3803801370596895,0.12770763788459094,0.5,4.9469888658351415,0.7721793871732395,1.707167189208244,0.0,0.3660500025813481,2.7986908898900884,0.3,20.0,2.0,1.8791082147397689,35.970362916176065,0.14829181592364488,100.0,100.0,0.8566666666666667
1.0000000000420304,1.0,0.2,5.938515077398182,4.262640274573977,6.872380972554293,54.0,12.628591872689793,0.5795169109039365,0.4917396072281878,0.5,7.694354910217661,1.1051506032383631,2.6941995777246817,0.0,0.0,4.064494846319624,0.3957064334346636,17.0,2.0,0.8866221954268501,27.903665298822432,0.22781335065314,100.0,100.0,0.8233333333333335
1.000000000071114,1.0,0.2,4.873767698948563,4.4695887279974995,5.344073643336412,150.0,8.544402731527647,0.5343030450782215,0.11884543424057202,0.5,10.0,1.049055936247823,2.4971046863129764,0.0,1.2950519458217773,3.900045144040676,0.3,18.0,1.0,1.7918547070781408,28.83256673094673,0.2575905849540869,0.0,100.0,0.8000000000000002
1.0000000000625349,1.0,0.2,4.020751151242257,3.0,5.243824123547703,82.0,9.774396621733832,0.4533466447874823,0.5928595087894348,0.5,10.0,0.9207361892760372,2.7819515995376127,0.0,0.0,3.0799848851481504,0.4001347689395161,24.0,1.0,0.24333614246610424,22.81110545501833,0.09989840400830256,100.0,100.0,0.7866666666666667
1.0000000000194695,1.0,0.2,3.893408519529114,3.0,6.598195897996511,58.0,9.658956170417413,0.5990776420010172,0.4475518156943047,0.93384334849102,9.172464810295251,0.7730800079383154,4.937953333728599,0.0,1.7195683719219803,0.0,0.4589702382149261,15.0,1.0,2.0,38.03826661863903,0.1074191139895034,100.0,100.0,0.8566666666666669
1.0000000000242169,1.0,0.2,5.5728798403196285,7.0,8.0,115.0,5.0,0.8874932130051991,0.3749671218457361,0.8743456497013951,9.641939243776886,0.956222681870085,4.56998785087012,0.0,1.1555801357009199,4.140698962613072,0.4708613321109739,15.0,1.0,2.0,26.191314056554518,0.2630419947531933,42.599455661165855,100.0,0.8233333333333333
1.0000000000975613,1.0,0.2,5.467072656229366,3.0,8.0,128.0,14.362823791701713,0.7401594723238893,0.13551886746379274,0.9068538513973258,8.078685599164167,1.286719575976729,3.6152184348008696,2.0,1.8242189774782267,1.064857049912318,0.4597263175456622,15.0,2.0,1.76959110452143,12.904476948595144,0.1469405546086076,43.214764450620244,100.0,0.68
1.0,1.0,0.2,6.0,3.0,7.5381280065093135,110.0,6.162247782993577,0.5635485926156786,0.6821273291164822,0.8186060579526919,9.469950903698372,0.6637909625649494,4.383877849679064,0.0,0.03777762499854165,3.3439067094756747,0.3668339777061347,19.0,2.0,2.0,18.09124916826475,0.1793328869566297,8.826982123701601,100.0,0.7766666666666667
1.0,0.0,0.2,4.684076800716409,6.990373549788608,5.878816740728898,88.0,8.50589507635047,0.03143848416915701,0.37558959926285707,0.7561772604565761,10.0,0.8457864048794044,3.2018463231015817,0.0,1.512944358937843,0.0,0.3947980582587465,15.0,1.0,2.0,17.37075456592885,0.28765767306766216,85.9185816428771,100.0,0.8800000000000001
1.0000000000638636,1.0,0.2,6.0,7.0,6.061376303275671,50.0,8.33732567777303,0.3277828059264744,0.7944849591462319,0.9067069728216484,10.0,1.0928857807698191,5.0,0.0,0.0,4.079396765680524,0.4429222946184889,20.0,2.0,2.0,40.0,0.1265328201400295,45.45497678371008,100.0,0.8733333333333334
1.0000000000628646,1.0,0.11655864695409501,3.9167605121408657,3.0,5.475226066426123,50.0,11.086892689726243,0.9544261166814874,0.15749316722075934,0.8857479366446628,10.0,0.7133547659693399,4.468263288225407,0.0,1.4497410681839642,0.719791507278263,0.4020480182301776,21.0,2.0,2.0,40.0,0.08821809446970036,50.73970175395181,100.0,0.75
1.0,0.0,0.03775149054743145,4.1588417586683,6.8426266240839135,3.726023803604616,106.0,8.80424207518255,0.7324136584815195,0.4786425757236624,0.8046336464967637,7.64478656767622,0.8868416494956695,4.125303148575092,2.0,0.0,1.0934147882073704,0.4122403641186661,20.0,1.0,0.0,21.25722150581523,0.0986466059910346,100.0,100.0,0.7266666666666669
1.0,1.0,0.0,1.657183948814424,3.0,2.0,77.0,7.508899112305517,0.9627858582481732,0.655913767510499,0.5647744310018971,6.655930912948032,0.5199403961904525,2.4308434399565466,0.0,0.0,0.3735680002520567,0.3172546259604027,19.0,1.0,0.0,39.67789810436975,0.2163899422865037,100.0,20.0,0.48
1.0000000000436169,0.0,0.2,3.5577319566906227,3.0,4.4106881923968695,150.0,6.8161343509990235,0.0,0.9778959333954688,0.9887402022586328,10.0,0.6537569626453442,2.9137815206319773,0.0,0.0,0.0,0.4815452754333397,15.0,1.0,2.0,13.025202363043508,0.10086619590879807,34.154819989942595,100.0,0.8833333333333333
1.0000000000943092,1.0,0.2,3.573788037826969,4.272701482566822,5.04271839847666,109.0,7.435691284164313,0.0,0.11088791675436704,0.6908723442716945,4.434216182680617,0.7757044689761392,0.6579075643467659,0.0,0.0,4.786550640203734,0.354351110631906,15.0,1.0,2.0,18.86204961546645,0.2196668193762349,51.398991862167904,100.0,0.89
1.0000000000284268,0.0,0.2,4.1029012324035685,6.143736849979254,5.0693454641774025,107.0,11.140022019920256,0.0,0.4494812384024546,0.7432209468764681,4.659385936243619,0.7800724512264866,0.6121061903183591,0.0,0.0,0.0,0.4085768691119685,15.0,1.0,2.0,17.697600125899363,0.21574022013805888,85.36519338929509,100.0,0.89
1.0000000000551856,0.0,0.2,3.423409423385418,4.045785111352895,4.199224280606551,150.0,14.312684567501528,0.0,0.15791465785102554,0.8443670307982802,5.202059766237284,0.6884052474648183,3.8806948729448703,0.0,1.8117540493233448,0.9525865458708821,0.4017075974618899,24.0,2.0,1.443232648068614,19.087316832632464,0.2883494145760248,59.71349164850599,100.0,0.8566666666666667
1.0000000000616396,1.0,0.06576071153431583,6.0,4.07953030592942,5.050550985827317,50.0,11.004122797622133,0.0,0.021212103035280302,0.539459787677916,10.0,1.0722558889075142,4.875079443625144,0.2603591126426995,0.08239385881585166,0.4429612919185054,0.4670872727624354,19.0,2.0,2.0,38.53366691883119,0.15604857567336686,29.57230057662861,100.0,0.8533333333333333
1.0000000000577622,0.0,0.2,4.063929010985655,5.611881560159088,5.680496534243096,150.0,14.20968094175884,0.0,0.15200271458260245,0.637802575103764,10.0,0.7952193269524105,3.410331157268584,0.0,0.6430919932931337,0.8800089129614362,0.4508127044017389,24.0,1.0,2.0,37.63286931322485,0.05,79.80299802190736,54.23328402120036,0.7133333333333333
1.0000000000723277,0.0,0.2,3.636206433710495,6.804666276664175,8.0,78.0,7.93490576490504,0.0,1.0,0.7798592155982186,6.1106102871172245,0.9175758873946548,3.146541122803675,0.0,0.0,5.0,0.4579557030277821,15.0,2.0,1.4931870235835856,10.719564533494387,0.2045139702881636,89.91238172782728,20.0,0.8033333333333332
1.0000000000918368,0.0,0.2,4.520435573400695,4.292081012178935,3.0462584323377286,126.0,8.5179683828647,0.873861638654635,0.617341689848519,0.9228241596205868,6.216389237608556,0.8558736016445904,3.5642782045721293,0.0,1.4964965289573469,2.4040357888631316,0.4943621298505204,15.0,2.0,2.0,14.432796951627614,0.1207351460110325,81.67682586625286,84.39584523324143,0.7999999999999998
1.00000000007523,1.0,0.2,3.70121389746504,5.018550241116916,5.609145090676561,107.0,6.134796552948773,0.0,1.0,0.8617844903955776,3.44188144549204,0.805337853971308,3.758191406665375,0.0,0.0,2.9854286680852185,0.4405386021035265,15.0,2.0,2.0,23.96814532535809,0.1273643751723455,26.848273579916,100.0,0.8733333333333334
1.0000000000479066,0.0,0.2,3.624594090739495,6.336723801919312,2.0,120.0,12.601484770095787,0.0,1.0,0.8640784118342797,6.8882526521038905,0.7853940043650584,0.7529750668110401,0.0,0.0,2.8197434924335765,0.3588086747556931,23.0,1.0,1.7380021939176284,16.045707628072247,0.24400825896851144,82.15499016353974,100.0,0.8433333333333334
1.0000000000449802,1.0,0.2,3.7077254412755467,6.657589497108304,2.4073194423372266,51.0,6.238202613306093,0.06359373275718805,0.7643763244438722,0.7698102845684467,9.863683567147953,0.7859939053660753,3.592102971760335,0.0,0.0,4.347416522006173,0.4170374306357844,15.0,2.0,1.9797999672571471,31.349587541910616,0.18270794838697446,32.60585830137928,100.0,0.91
1.0000000000094065,1.0,0.2,4.667858821827774,6.686674663636262,7.311031747552687,96.0,5.779081714832188,0.0,0.2349991556651657,0.8670735293007618,3.0,0.5828091699221679,0.6955116055799495,2.0,0.3929541421248204,2.7176021209061223,0.3983185450358452,25.0,2.0,1.9702957685475064,16.155603929963725,0.07852423955511104,51.089651274730606,100.0,0.7433333333333333
1.0000000000886062,1.0,0.2,6.0,4.427210133794311,7.212623349729919,117.0,6.4120798144568765,0.0,0.19303871409481074,0.8568367060729858,10.0,1.578884952068501,4.848807308976552,0.0,2.0,0.13252051901525852,0.4260179428682629,15.0,1.0,2.0,24.98183781919729,0.1824485388877836,84.16181791993088,20.0,0.6199999999999999
1.0000000000659173,1.0,0.2,6.0,7.0,7.485924206148832,135.0,5.010428878204261,1.0,0.28200980874016063,0.6456884561006633,10.0,0.8927167934228943,2.8692988224442963,0.0,0.0,3.660899133041938,0.33815549631433456,25.0,2.0,0.3197417391196009,25.560725116027175,0.1992348711152708,86.29260930774839,100.0,0.7866666666666667
1.0000000000266691,0.0,0.2,3.0598143871025534,5.670868071138617,7.60836070146229,78.0,7.333795453835328,0.0,0.9999491887677,0.81244980653265,7.308228407863788,0.7217648679769647,0.06484170661072708,0.0,0.0,4.5502152074112265,0.3961828391943092,15.0,2.0,1.7842617322412186,34.271524384833576,0.13700367522545634,50.78416155619143,100.0,0.8533333333333333
1.0000000000637321,1.0,0.2,1.0,4.156458211558488,7.843595189253511,50.0,5.817782605642378,0.25071703522738625,0.12551118154781846,0.6807426190693995,10.0,1.5465558282702283,0.9877155853422754,2.0,1.7463820370565484,4.341700747544273,0.3842704066053232,25.0,2.0,2.0,15.263424896371825,0.14272850281312255,58.72527786266132,100.0,0.5733333333333335
1.0000000000125921,0.0,0.0,5.653627599424032,7.0,2.5077708371358014,116.0,13.651443827651539,0.0,1.0,0.6575863530876818,9.657612870251553,0.9078262109627244,5.0,0.0,0.0,0.0,0.42371173571626863,15.0,2.0,1.9385859791974198,10.0,0.2704728803021159,4.187619153015492,72.91976849316936,0.8833333333333334
1.0,1.0,0.2,3.331226799913489,7.0,6.436944786483448,97.0,10.445051630658034,0.0,1.0,0.8339039250244004,7.992398999882816,0.9945657668368838,5.0,0.0,0.0,0.0,0.3583463882787565,15.0,2.0,1.7637137050769955,10.0,0.05,100.0,92.70241464859951,0.8633333333333333
1.000000000086396,1.0,0.0,6.0,7.0,2.0,104.0,9.709470828313911,0.0,1.0,0.6943884754018428,7.099282343192588,0.8633494135038156,3.4016198351002878,0.0,0.0,0.046833686367799617,0.4220778202963974,15.0,2.0,0.43391427129462623,10.0,0.16573173101588173,70.04383178962425,20.0,0.7900000000000001
1.0000000000118423,0.0,0.2,6.0,3.486849742050897,5.146225522920496,50.0,5.048833112771276,0.7971777566123088,1.0,0.5,10.0,2.0,4.741605026605977,0.0,0.9087342673854172,1.9550520143401435,0.43366128773814056,16.0,2.0,2.0,19.399864622248767,0.17127782811559228,0.0,100.0,0.63
1.0000000000466231,1.0,0.0,6.0,7.0,5.0906734001898135,50.0,10.35528928250972,0.0,1.0,0.8972678438206598,7.364180965525124,0.9041427553728788,5.0,0.0,0.0,3.406573679654884,0.3752339582999417,15.0,2.0,1.3040189297710107,10.0,0.09998565928528423,88.55357050944514,100.0,0.86
1.0000000000250595,0.0,0.0,6.0,7.0,2.7958659756331348,134.0,8.622675731695459,0.0,1.0,0.8698849908748431,10.0,1.0640259270023753,5.0,0.0,0.34736635474032596,1.6130477242287868,0.4964530030823461,25.0,1.0,2.0,28.97798240204905,0.2293581171428818,62.601234053253,100.0,0.8266666666666667
1.0000000000831466,1.0,0.15454257332331575,4.090859822870572,7.0,7.958118522759286,113.0,12.736903941778973,0.0,1.0,0.5,4.300496674316514,0.844121119148988,5.0,0.0,0.2679276620804761,0.9659482471763776,0.4084063927156339,15.0,1.0,1.8734689898453527,10.0,0.2315624847129409,74.63597640474394,84.30892062704245,0.8566666666666669
1.0000000000676217,1.0,0.2,4.2829982559667625,4.518074737235958,2.5720210977259184,71.0,11.349425024449248,0.0,0.9774590589337644,0.5593107313548084,10.0,0.8169045800779932,0.0,0.0,1.4531067805061049,3.777919365706518,0.4652607024128253,15.0,2.0,0.5798896962291574,13.87969990020905,0.15234155800316426,92.23129456453829,100.0,0.8966666666666666
1.0000000000630311,0.0,0.2,3.1658257813978343,7.0,2.0,78.0,11.792839723637908,0.0,0.9992514177085314,0.8137860373722545,10.0,0.7937744815506275,0.0,0.0,0.34699941928274736,2.9980890864801504,0.4759309778144644,15.0,1.0,1.9648899680249008,35.01989317071235,0.16061702761786595,75.74469708913152,100.0,0.9000000000000001
1.0000000000978897,0.0,0.2,4.883058692836112,4.754578747941495,2.0414504359526573,129.0,12.2763845484057,0.00035565708465253243,1.0,0.5785568899312727,10.0,0.9604445432175612,1.7661847184751966,0.0,0.0,2.416526369319834,0.34750430177575914,15.0,1.0,1.8018900282982988,13.207995965024395,0.182474293914884,87.52105096328111,100.0,0.8766666666666666
1.000000000097122,0.0,0.13081657070274474,4.01239897078168,7.0,2.2655642437924217,144.0,11.48914963134746,0.0,1.0,0.5320460440388365,10.0,0.8052090815667942,2.9210200176827787,0.0,0.0,2.5903827523590808,0.4339404935780268,15.0,2.0,0.5104699838958608,15.43617445734276,0.20198253952435813,26.905226470862,100.0,0.9
1.0000000000227598,1.0,0.10227440055448328,6.0,5.07043113690088,8.0,139.0,11.233671904761284,0.0,1.0,0.8248795022040329,10.0,1.0864918878722365,2.1291392871003056,0.0,1.7186486456952668,1.64720898099761,0.4657426356677705,17.0,2.0,0.21012506190059133,26.169540871996798,0.21156632679709148,2.6458166658031,100.0,0.8500000000000001
1.0000000000915903,0.0,0.14073422437696098,3.913946720976994,7.0,2.0,58.0,8.385325423952004,0.0,1.0,0.5509498355801926,10.0,0.7781541491365526,1.070168102444518,0.0,0.0,4.7652438674899225,0.4199790098627288,15.0,1.0,0.5898367293676663,24.812116283133154,0.3,7.625113309172372,100.0,0.85
1.0000000000881033,0.0,0.0,6.0,7.0,2.0,51.0,12.000995549998072,0.0,1.0,0.6019842485037464,10.0,1.1807558934310791,4.593470701363988,0.0,0.24977539130638304,0.0,0.40791120942798464,15.0,2.0,0.37914877984476814,10.0,0.14611426601563898,0.0,100.0,0.89
1.000000000074072,0.0,0.2,3.2942777701609263,3.0,2.0,69.0,11.534536298737164,0.0,1.0,0.5,10.0,0.7941903813806283,0.728319441116315,0.0,1.9999417194321831,0.5494040377818633,0.472286294303104,15.0,1.0,0.7486954896247159,10.0,0.19791832094434264,21.422142014939656,100.0,0.89
1.000000000020014,0.0,0.0,5.695746320033795,7.0,2.716820774334119,150.0,5.280170534068488,0.0,1.0,0.6085972610109733,10.0,0.94594017312121,4.127909516213642,0.0,0.2614945011757254,0.07793719869950327,0.4477511768937412,15.0,2.0,1.4245224925202051,16.438492738026312,0.2545586657215377,70.08850338888669,100.0,0.88
1.0000000000661111,0.0,0.0,6.0,4.316836269368862,2.086762713300381,50.0,14.981723895305981,0.0,1.0,0.6600601796289033,10.0,1.0198759112384979,4.859881447481429,0.0,0.9998543459865796,2.7930725130911487,0.4245309337636854,15.0,1.0,1.9286496985893216,30.862021680860128,0.1990291630774902,19.0707139335782,100.0,0.8666666666666667
1.000000000030948,1.0,0.0,4.922460249818286,7.0,2.0,136.0,12.774652329315796,0.0,1.0,0.6856996737396128,10.0,1.122583077765732,0.8836574903683836,0.0,0.04463142294934404,5.0,0.3365795610295453,15.0,2.0,1.003888254120148,10.0,0.2265713315945453,5.685941979941004,72.52311339849577,0.8700000000000001
1.0000000000236766,0.0,0.0,6.0,7.0,2.0,88.0,9.669067052823074,0.0,1.0,0.9859682209757826,10.0,0.5951760414842544,1.8851463126782584,0.0,0.0,0.0,0.35049208125159625,25.0,1.0,1.3232895405623837,10.0,0.2864290690148009,56.1387668480655,100.0,0.8633333333333334
1.0000000000254765,1.0,0.2,3.3621740291258995,7.0,2.0,50.0,13.256237798234755,0.0,1.0,0.7648170488560033,10.0,0.8108783976323971,3.9742003674300053,0.0,0.0,0.0,0.5,15.0,2.0,1.8447023391622728,10.0,0.06876953264376137,9.733868195315516,78.42572145767497,0.88
1.0000000000410123,0.0,0.2,1.0,7.0,2.0,50.0,7.806224571333632,1.0,1.0,0.5,10.0,2.0,5.0,0.0,0.0,0.0,0.5,15.0,2.0,2.0,10.0,0.05,0.3201390353431411,20.0,0.5399999999999999
1.0000000000041445,1.0,0.0,6.0,7.0,2.0,143.0,13.758674245545151,0.0,0.6157243178667453,0.5,7.810999103215942,1.4218300196577034,3.0292761831555737,0.0,0.0,2.0921530043583307,0.4160045553931892,15.0,2.0,2.0,10.0,0.2870098183236121,71.5240615741938,100.0,0.91
1.0000000001,1.0,0.0,6.0,7.0,2.0,59.0,12.642893850145892,0.0,1.0,0.6135696534365762,10.0,1.6262921090721083,1.9337219965035144,0.0,0.0,4.85008135214143,0.4942277506311965,15.0,2.0,0.8151079877882796,10.0,0.13205593596349952,42.02962817039174,100.0,0.8600000000000001
1.0,1.0,0.09547228425922652,6.0,7.0,2.0,70.0,7.598370873615475,0.0,0.8264328319282891,0.8648259116721495,10.0,1.2354585004334742,3.442915835609748,0.0,0.0,0.689247826328837,0.4818818709224715,15.0,1.0,1.4950097674856433,10.0,0.16595951750574278,27.678451824628553,100.0,0.8933333333333333
1.0000000000005371,0.0,0.0,6.0,7.0,8.0,120.0,7.530256166625776,0.0,0.6013924769359604,0.5966814703387459,3.2472658089948547,1.3251095926483227,4.7912679919474686,0.0,0.0,2.6977467744418835,0.3058587673379176,15.0,2.0,1.6336158930297822,10.0,0.08010489922531654,60.790705246810454,100.0,0.8233333333333335
1.0000000001,1.0,0.0724646553261546,6.0,7.0,2.0,150.0,5.6369656252766775,0.0,1.0,0.5,10.0,1.1768865403051825,3.5800400087865936,0.0,0.3533010676015829,0.0,0.4120116643615012,15.0,2.0,0.8961060431239208,24.671413756878945,0.2332584391982492,49.85769070694664,100.0,0.92
1.000000000047576,1.0,0.2,4.094528618490462,7.0,2.0,110.0,6.4538777925751845,0.0,1.0,0.5,9.964377860251627,1.1809710487827592,3.1215557732539483,0.0,1.2345944299842675,0.6064093159574656,0.5,15.0,2.0,0.4662087670674001,17.932639952811567,0.15703497565123808,100.0,100.0,0.9166666666666664
1.000000000057102,0.0,0.2,4.424083470236512,7.0,2.0,136.0,11.387251207255304,0.0,1.0,0.5015139782020879,9.192319838361364,1.1911804868203102,2.219103527548458,0.0,1.1996218281332134,4.232897353451688,0.3037576555761215,15.0,2.0,2.0,25.683361586219892,0.3,34.71779549363975,100.0,0.9066666666666666
1.0000000000900235,1.0,0.2,2.9898376385607786,3.0,2.0,147.0,13.601520371564956,0.0,1.0,0.9385769572710434,5.913887612374426,1.0289515777106466,0.19490799425823008,0.0,0.6520811071282268,0.7859825788815641,0.5,15.0,2.0,0.10411560069699123,11.639661433325033,0.1604358895434515,63.66342141173322,100.0,0.88
1.0000000000984604,1.0,0.11251180294168134,5.086663685523627,7.0,2.0,141.0,5.792721269225073,0.0,1.0,0.5,10.0,1.29946068650437,2.2280798451378714,0.0,1.2748612791710654,1.1648342344169471,0.5,15.0,2.0,2.0,34.487862334416064,0.3,20.2344796658578,100.0,0.92
1.0,1.0,0.12790286524263236,5.126923610654398,7.0,3.7829290782219767,139.0,9.380322886445548,0.0,1.0,0.8603967458318891,10.0,1.2069987189018727,1.1117538010804375,0.0,0.7355835418605212,4.905605450503023,0.3746605629464832,15.0,2.0,0.3738641272394957,18.89515086854537,0.19390822443497047,50.83514815695086,100.0,0.87
1.0000000000921954,1.0,0.1079420222726748,6.0,7.0,2.0,87.0,12.194590942325268,0.0,1.0,0.5,3.79180056177234,1.2187746718111547,0.9352949191380772,0.0,1.4465425809593386,3.2366588757851944,0.5,16.0,1.0,2.0,18.64563919888755,0.14435790305491608,93.64066070170351,100.0,0.8900000000000001
1.0000000000790898,1.0,0.2,5.4924416655828034,7.0,2.0,104.0,8.187903943803954,0.0,1.0,0.5,5.769117342117492,1.2593765333415041,3.1383601752698453,0.0,0.8479868926670836,0.2368835643210199,0.4563324489093057,15.0,2.0,0.6824752228655436,10.839827284011493,0.2811900087825878,94.46617650116282,100.0,0.9133333333333332
1.0000000000455085,1.0,0.2,4.225067695808298,7.0,2.0,86.0,12.21545475228822,0.0,1.0,0.5,10.0,1.4592514269016492,3.3992504914517143,0.0,0.7427812335858078,3.2963058075190843,0.3863694424442555,15.0,2.0,1.3942771115850805,39.22435506752822,0.15857461371307258,67.04193131253507,100.0,0.8833333333333334
1.0000000000615463,0.0,0.2,6.0,7.0,2.0,136.0,12.400469058209238,0.0,1.0,0.5,7.325298911219982,1.2814060379981878,2.999648690214584,0.0,0.20172430999919685,0.0,0.5,19.0,1.0,0.09919803939016894,38.317116030828814,0.1473341512988161,23.286631444596324,100.0,0.86
1.0000000000985063,0.0,0.2,4.69870200798135,7.0,2.0,149.0,7.549274031370535,0.0,0.0,0.5,10.0,1.0324767279715021,1.0181091356901175,0.0,0.27469790020775325,0.0,0.5,15.0,2.0,1.1619045002910509,18.78439307165944,0.124255065999828,100.0,100.0,0.6966666666666668
1.0000000000389022,1.0,0.0,6.0,3.8917375533846577,4.159706688497746,114.0,11.352230247618131,0.0,0.5170343119603168,0.5,10.0,0.9651770569326664,3.0413259530596166,0.0,1.763088793054388,4.812292074328142,0.4073368116055488,19.0,2.0,2.0,34.442361133108314,0.3,81.79319555076286,100.0,0.8266666666666667
1.0000000000252958,1.0,0.0,6.0,7.0,2.0,113.0,10.937344538484806,0.0,1.0,0.5084460067443732,8.245335210331703,1.381150090379898,1.1710839541976916,2.0,0.2609958906006606,0.752875711326671,0.3760689971017437,15.0,2.0,1.55190862888258,15.258191721355727,0.3,6.358686546423596,100.0,0.8566666666666666
1.0,0.0,0.0,6.0,7.0,2.0,92.0,10.444582481036708,0.0,0.0,0.7468192284646812,10.0,0.32387963501672834,3.0413943996740707,0.0,0.16558268629784012,2.013153610467739,0.5,25.0,2.0,2.0,24.59289196863861,0.3,86.14048487470846,100.0,0.6600000000000001
1.0000000000114582,0.0,0.0017393715447574876,5.254248736609959,4.055384141169598,2.0,150.0,7.618025486179923,0.0,1.0,0.6090217355794987,8.117552692148912,1.3631506906836206,3.791108350490068,0.0,0.05873771734160945,0.0,0.3110653338742121,15.0,1.0,2.0,29.915473648508936,0.3,8.324788091898293,100.0,0.8400000000000002
1.0000000000535805,1.0,0.0,6.0,7.0,8.0,145.0,10.54333368632062,0.0,0.0,0.5,8.444991758409984,0.9415894147012756,4.329913023690692,0.0,1.2685397749773093,0.7183864714921205,0.36041110165022494,15.0,2.0,2.0,24.225440323663136,0.3,30.455891405366092,100.0,0.7033333333333335
1.0,1.0,0.08334587475620811,4.908921178195756,5.9541211791980935,2.0,106.0,8.220625127109878,0.0,1.0,0.5,10.0,0.8421223141058661,5.0,0.0,0.0,0.7166225395967711,0.3571113690602882,22.0,2.0,2.0,25.820087086660642,0.23115758910447665,22.18966016683671,100.0,0.8766666666666667
1.0000000000347975,1.0,0.0,6.0,7.0,2.0,71.0,14.388787465190706,0.0,0.0,0.5,7.990884410321338,1.5221694082621071,4.328409344727226,0.0,0.2418507675882648,1.2018659063961077,0.33228298936468603,25.0,2.0,2.0,35.838892484976114,0.2787973799771522,85.02118412547506,100.0,0.7366666666666667
1.0000000000250977,0.0,0.10737561529671433,6.0,7.0,2.0,86.0,12.404229567356836,0.0,1.0,0.5,7.851749122645472,1.3205088120605295,2.164835360027834,0.0,0.19828168845789268,4.912757526758685,0.4456820593527764,15.0,2.0,2.0,18.276385354132977,0.3,81.12374245751481,100.0,0.8766666666666667
1.0000000000734108,1.0,0.2,3.6710514221899087,7.0,4.12239237105604,93.0,6.879814318672372,0.0,1.0,0.5470231811404624,10.0,0.9080538668619704,2.078780465069343,0.0,1.926682480804228,1.7589759859507623,0.3036109663708204,15.0,2.0,2.0,27.00654211061812,0.3,71.65783408289778,100.0,0.8566666666666667
1.0000000000385318,1.0,0.2,3.6215255425809714,3.6146531568533504,7.151834498762358,95.0,14.134659152778188,0.0,0.3821291366321767,0.9246128885310132,10.0,0.7876928478935896,4.819903613514581,0.0,1.0725964698731634,3.6917366162709997,0.5,17.0,2.0,2.0,23.696850247428106,0.27464515543624324,42.21355429347105,100.0,0.9
1.0000000000021059,1.0,0.14012592013891464,4.399630080056319,6.268194320352608,2.0,73.0,5.74351864409189,0.0,1.0,0.9941316375647352,10.0,1.1517499135902922,4.298157438053844,0.0,0.5507356727540714,0.09603007510366338,0.4147766003256976,15.0,2.0,1.5363229106310123,31.79965961149989,0.05415594387534098,71.71395058836212,68.20768067782639,0.9133333333333334
1.0000000000935958,0.0,0.13157698010039096,4.652727545501343,4.530498267959013,2.0,80.0,8.032335076457349,0.0,1.0,0.9305818254938628,10.0,1.1478464932235934,3.9658117252524536,0.0,0.0,3.07245702923196,0.5,15.0,2.0,2.0,25.101896779585523,0.15325338796933996,31.710585693933176,76.95715406936469,0.8633333333333333
1.0000000000847002,1.0,0.2,3.4780490766924315,7.0,5.455346230539976,139.0,14.089695370935493,0.0,0.5400385541081796,0.6097791996914711,9.487830262471082,0.7812273730241044,2.694930154395956,0.0,1.690204087272056,4.480333885910951,0.4692118926277321,15.0,1.0,0.7600859877766566,12.748299654422288,0.06297140964836592,77.10790934586906,77.28554681947527,0.85
1.000000000091052,1.0,0.2,3.2106811915723465,3.0,5.436764602867067,118.0,12.845565966287756,0.0,0.5159083844888783,0.920976445049708,9.185051213000133,0.8340553790804749,1.8670953114707365,0.0,1.0574731111047255,0.0,0.36595810703035503,15.0,2.0,2.0,37.51896391980653,0.13806940851493624,38.315950025001456,100.0,0.8666666666666666
1.0000000000147629,1.0,0.2,4.108613052401184,7.0,4.076159754107568,66.0,8.686227387933547,0.0,0.4420711177340894,0.5278856024862675,10.0,0.7802273727564784,0.4196713227063497,0.0,0.30536440923951985,0.0,0.5,18.0,1.0,2.0,25.58950269360477,0.2384083193662079,65.7659938346583,100.0,0.9166666666666669
1.0000000000080596,1.0,0.0,6.0,7.0,2.0,122.0,13.786104519649005,0.0,1.0,0.5323082230544859,10.0,1.2516854480871742,2.890202455768931,0.0,0.4974635224522385,0.0,0.5,20.0,2.0,1.6882752793284554,38.44868865455091,0.05,100.0,100.0,0.9
1.0000000000477578,1.0,0.2,4.408586964861222,7.0,2.0,102.0,13.790093846926773,0.0,1.0,0.8231678865149576,5.441273549973917,1.1500909398527115,5.0,0.0,0.0,0.0,0.5,15.0,1.0,2.0,32.221677879623755,0.10983940830402092,59.22816466588474,100.0,0.8933333333333334
1.0000000000679945,1.0,0.2,3.773785038110786,7.0,6.412600404818088,90.0,10.712860832653638,0.0,0.3482370715633379,0.9563313595113828,10.0,0.6878012454986995,4.965283611563375,0.0,0.4141244982933125,0.08062693067536174,0.5,15.0,2.0,1.154419598662514,13.334187481274927,0.2352048483443759,16.738355562570465,100.0,0.8500000000000001
1.0000000000282443,1.0,0.2,4.206922091123735,5.105366563383004,2.0,50.0,9.680910285825076,0.0,0.319229409593872,0.8320350267152126,10.0,0.8394450959909345,2.976535118311247,0.0,0.19316195872710573,3.2225692188169814,0.49254162160620923,18.0,1.0,1.8196216213183667,13.61556811926587,0.3,63.1360987884516,97.19506093795675,0.8566666666666666
