halite_config_setting_divisor,max_ship_to_base_ratio,min_spawns_after_conversions,max_conversions_per_step,ship_halite_cargo_conversion_bonus_constant,friendly_ship_halite_conversion_constant,friendly_bases_conversion_constant,nearby_halite_conversion_constant,conversion_score_threshold,halite_collect_constant,nearby_halite_move_constant,nearby_onto_halite_move_constant,nearby_ships_move_constant,nearby_base_move_constant,nearby_move_onto_base_constant,halite_dropoff_constant,max_spawns_per_step,nearby_ship_halite_spawn_constant,nearby_halite_spawn_constant,remaining_budget_spawn_constant,spawn_score_threshold,terminal_num_ships,terminal_num_bases,episode_reward,terminal_halite
6716.749154665032,6.704318035507653,2,7,8.587438316551392,0.9805562626779384,21.52617906827777,0.00016369607055042318,17.58105276654261,4.8458131855912026,0.3043350919666077,5.261502573061132,0.05779435420647834,14.934450171013484,45.35973581735567,2.937891425336056,7,0.3274504290927863,9.441685211742307,0.031038593193985574,19.478373020606178,6,1,1.0,5838.0
6716.749154665032,6.704318035507653,2,7,8.587438316551392,0.9805562626779384,21.52617906827777,0.00016369607055042318,17.58105276654261,4.8458131855912026,0.3043350919666077,5.261502573061132,0.05779435420647834,14.934450171013484,45.35973581735567,2.937891425336056,7,0.3274504290927863,9.441685211742307,0.031038593193985574,19.478373020606178,6,1,0.3333333333333333,10930.0
6716.749154665032,6.704318035507653,2,7,8.587438316551392,0.9805562626779384,21.52617906827777,0.00016369607055042318,17.58105276654261,4.8458131855912026,0.3043350919666077,5.261502573061132,0.05779435420647834,14.934450171013484,45.35973581735567,2.937891425336056,7,0.3274504290927863,9.441685211742307,0.031038593193985574,19.478373020606178,6,1,0.6666666666666666,10598.0
6716.749154665032,6.704318035507653,2,7,8.587438316551392,0.9805562626779384,21.52617906827777,0.00016369607055042318,17.58105276654261,4.8458131855912026,0.3043350919666077,5.261502573061132,0.05779435420647834,14.934450171013484,45.35973581735567,2.937891425336056,7,0.3274504290927863,9.441685211742307,0.031038593193985574,19.478373020606178,4,1,1.0,15038.0
6716.749154665032,6.704318035507653,2,7,8.587438316551392,0.9805562626779384,21.52617906827777,0.00016369607055042318,17.58105276654261,4.8458131855912026,0.3043350919666077,5.261502573061132,0.05779435420647834,14.934450171013484,45.35973581735567,2.937891425336056,7,0.3274504290927863,9.441685211742307,0.031038593193985574,19.478373020606178,6,1,0.6666666666666666,28707.0
6716.749154665032,6.704318035507653,2,7,8.587438316551392,0.9805562626779384,21.52617906827777,0.00016369607055042318,17.58105276654261,4.8458131855912026,0.3043350919666077,5.261502573061132,0.05779435420647834,14.934450171013484,45.35973581735567,2.937891425336056,7,0.3274504290927863,9.441685211742307,0.031038593193985574,19.478373020606178,6,1,1.0,9997.0
6716.749154665032,6.704318035507653,2,7,8.587438316551392,0.9805562626779384,21.52617906827777,0.00016369607055042318,17.58105276654261,4.8458131855912026,0.3043350919666077,5.261502573061132,0.05779435420647834,14.934450171013484,45.35973581735567,2.937891425336056,7,0.3274504290927863,9.441685211742307,0.031038593193985574,19.478373020606178,6,1,0.0,4209.0
6716.749154665032,6.704318035507653,2,7,8.587438316551392,0.9805562626779384,21.52617906827777,0.00016369607055042318,17.58105276654261,4.8458131855912026,0.3043350919666077,5.261502573061132,0.05779435420647834,14.934450171013484,45.35973581735567,2.937891425336056,7,0.3274504290927863,9.441685211742307,0.031038593193985574,19.478373020606178,4,1,0.3333333333333333,4614.0
6716.749154665032,6.704318035507653,2,7,8.587438316551392,0.9805562626779384,21.52617906827777,0.00016369607055042318,17.58105276654261,4.8458131855912026,0.3043350919666077,5.261502573061132,0.05779435420647834,14.934450171013484,45.35973581735567,2.937891425336056,7,0.3274504290927863,9.441685211742307,0.031038593193985574,19.478373020606178,4,1,0.3333333333333333,6770.0
6716.749154665032,6.704318035507653,2,7,8.587438316551392,0.9805562626779384,21.52617906827777,0.00016369607055042318,17.58105276654261,4.8458131855912026,0.3043350919666077,5.261502573061132,0.05779435420647834,14.934450171013484,45.35973581735567,2.937891425336056,7,0.3274504290927863,9.441685211742307,0.031038593193985574,19.478373020606178,5,1,0.6666666666666666,8022.0
6716.749154665032,6.704318035507653,2,7,8.587438316551392,0.9805562626779384,21.52617906827777,0.00016369607055042318,17.58105276654261,4.8458131855912026,0.3043350919666077,5.261502573061132,0.05779435420647834,14.934450171013484,45.35973581735567,2.937891425336056,7,0.3274504290927863,9.441685211742307,0.031038593193985574,19.478373020606178,5,1,0.6666666666666666,6730.0
6716.749154665032,6.704318035507653,2,7,8.587438316551392,0.9805562626779384,21.52617906827777,0.00016369607055042318,17.58105276654261,4.8458131855912026,0.3043350919666077,5.261502573061132,0.05779435420647834,14.934450171013484,45.35973581735567,2.937891425336056,7,0.3274504290927863,9.441685211742307,0.031038593193985574,19.478373020606178,6,1,1.0,7145.0
6716.749154665032,6.704318035507653,2,7,8.587438316551392,0.9805562626779384,21.52617906827777,0.00016369607055042318,17.58105276654261,4.8458131855912026,0.3043350919666077,5.261502573061132,0.05779435420647834,14.934450171013484,45.35973581735567,2.937891425336056,7,0.3274504290927863,9.441685211742307,0.031038593193985574,19.478373020606178,4,1,0.6666666666666666,4297.0
6716.749154665032,6.704318035507653,2,7,8.587438316551392,0.9805562626779384,21.52617906827777,0.00016369607055042318,17.58105276654261,4.8458131855912026,0.3043350919666077,5.261502573061132,0.05779435420647834,14.934450171013484,45.35973581735567,2.937891425336056,7,0.3274504290927863,9.441685211742307,0.031038593193985574,19.478373020606178,6,1,1.0,13778.0
6716.749154665032,6.704318035507653,2,7,8.587438316551392,0.9805562626779384,21.52617906827777,0.00016369607055042318,17.58105276654261,4.8458131855912026,0.3043350919666077,5.261502573061132,0.05779435420647834,14.934450171013484,45.35973581735567,2.937891425336056,7,0.3274504290927863,9.441685211742307,0.031038593193985574,19.478373020606178,6,1,0.6666666666666666,8705.0
6716.749154665032,6.704318035507653,2,7,8.587438316551392,0.9805562626779384,21.52617906827777,0.00016369607055042318,17.58105276654261,4.8458131855912026,0.3043350919666077,5.261502573061132,0.05779435420647834,14.934450171013484,45.35973581735567,2.937891425336056,7,0.3274504290927863,9.441685211742307,0.031038593193985574,19.478373020606178,6,1,0.0,922.0
6716.749154665032,6.704318035507653,2,7,8.587438316551392,0.9805562626779384,21.52617906827777,0.00016369607055042318,17.58105276654261,4.8458131855912026,0.3043350919666077,5.261502573061132,0.05779435420647834,14.934450171013484,45.35973581735567,2.937891425336056,7,0.3274504290927863,9.441685211742307,0.031038593193985574,19.478373020606178,6,1,1.0,10476.0
6716.749154665032,6.704318035507653,2,7,8.587438316551392,0.9805562626779384,21.52617906827777,0.00016369607055042318,17.58105276654261,4.8458131855912026,0.3043350919666077,5.261502573061132,0.05779435420647834,14.934450171013484,45.35973581735567,2.937891425336056,7,0.3274504290927863,9.441685211742307,0.031038593193985574,19.478373020606178,5,1,0.3333333333333333,4387.0
6716.749154665032,6.704318035507653,2,7,8.587438316551392,0.9805562626779384,21.52617906827777,0.00016369607055042318,17.58105276654261,4.8458131855912026,0.3043350919666077,5.261502573061132,0.05779435420647834,14.934450171013484,45.35973581735567,2.937891425336056,7,0.3274504290927863,9.441685211742307,0.031038593193985574,19.478373020606178,6,1,0.6666666666666666,4989.0
6716.749154665032,6.704318035507653,2,7,8.587438316551392,0.9805562626779384,21.52617906827777,0.00016369607055042318,17.58105276654261,4.8458131855912026,0.3043350919666077,5.261502573061132,0.05779435420647834,14.934450171013484,45.35973581735567,2.937891425336056,7,0.3274504290927863,9.441685211742307,0.031038593193985574,19.478373020606178,6,1,1.0,16776.0
4895.666874033344,7.778209812724471,0,6,1.6987969685421571,0.6436461956147485,33.661144395708874,0.030378021208615318,14.236184970931753,7.873152505804049,4.625021926953852,4.534845855710693,0.17026648548250076,7.6950192062124785,6.296631594872513,9.815352523004217,3,0.02395862441273489,0.2817764906653253,0.009529376372746793,29.384040562384843,0,1,0.16666666666666666,3000.0
4895.666874033344,7.778209812724471,0,6,1.6987969685421571,0.6436461956147485,33.661144395708874,0.030378021208615318,14.236184970931753,7.873152505804049,4.625021926953852,4.534845855710693,0.17026648548250076,7.6950192062124785,6.296631594872513,9.815352523004217,3,0.02395862441273489,0.2817764906653253,0.009529376372746793,29.384040562384843,0,1,0.0,3000.0
4895.666874033344,7.778209812724471,0,6,1.6987969685421571,0.6436461956147485,33.661144395708874,0.030378021208615318,14.236184970931753,7.873152505804049,4.625021926953852,4.534845855710693,0.17026648548250076,7.6950192062124785,6.296631594872513,9.815352523004217,3,0.02395862441273489,0.2817764906653253,0.009529376372746793,29.384040562384843,0,1,0.16666666666666666,3000.0
4895.666874033344,7.778209812724471,0,6,1.6987969685421571,0.6436461956147485,33.661144395708874,0.030378021208615318,14.236184970931753,7.873152505804049,4.625021926953852,4.534845855710693,0.17026648548250076,7.6950192062124785,6.296631594872513,9.815352523004217,3,0.02395862441273489,0.2817764906653253,0.009529376372746793,29.384040562384843,0,1,0.0,3000.0
4895.666874033344,7.778209812724471,0,6,1.6987969685421571,0.6436461956147485,33.661144395708874,0.030378021208615318,14.236184970931753,7.873152505804049,4.625021926953852,4.534845855710693,0.17026648548250076,7.6950192062124785,6.296631594872513,9.815352523004217,3,0.02395862441273489,0.2817764906653253,0.009529376372746793,29.384040562384843,1,1,0.0,2500.0
4895.666874033344,7.778209812724471,0,6,1.6987969685421571,0.6436461956147485,33.661144395708874,0.030378021208615318,14.236184970931753,7.873152505804049,4.625021926953852,4.534845855710693,0.17026648548250076,7.6950192062124785,6.296631594872513,9.815352523004217,3,0.02395862441273489,0.2817764906653253,0.009529376372746793,29.384040562384843,0,1,0.16666666666666666,3000.0
4895.666874033344,7.778209812724471,0,6,1.6987969685421571,0.6436461956147485,33.661144395708874,0.030378021208615318,14.236184970931753,7.873152505804049,4.625021926953852,4.534845855710693,0.17026648548250076,7.6950192062124785,6.296631594872513,9.815352523004217,3,0.02395862441273489,0.2817764906653253,0.009529376372746793,29.384040562384843,0,1,0.0,3000.0
4895.666874033344,7.778209812724471,0,6,1.6987969685421571,0.6436461956147485,33.661144395708874,0.030378021208615318,14.236184970931753,7.873152505804049,4.625021926953852,4.534845855710693,0.17026648548250076,7.6950192062124785,6.296631594872513,9.815352523004217,3,0.02395862441273489,0.2817764906653253,0.009529376372746793,29.384040562384843,0,1,0.3333333333333333,3000.0
4895.666874033344,7.778209812724471,0,6,1.6987969685421571,0.6436461956147485,33.661144395708874,0.030378021208615318,14.236184970931753,7.873152505804049,4.625021926953852,4.534845855710693,0.17026648548250076,7.6950192062124785,6.296631594872513,9.815352523004217,3,0.02395862441273489,0.2817764906653253,0.009529376372746793,29.384040562384843,0,1,0.16666666666666666,3000.0
4895.666874033344,7.778209812724471,0,6,1.6987969685421571,0.6436461956147485,33.661144395708874,0.030378021208615318,14.236184970931753,7.873152505804049,4.625021926953852,4.534845855710693,0.17026648548250076,7.6950192062124785,6.296631594872513,9.815352523004217,3,0.02395862441273489,0.2817764906653253,0.009529376372746793,29.384040562384843,0,1,0.16666666666666666,3000.0
4895.666874033344,7.778209812724471,0,6,1.6987969685421571,0.6436461956147485,33.661144395708874,0.030378021208615318,14.236184970931753,7.873152505804049,4.625021926953852,4.534845855710693,0.17026648548250076,7.6950192062124785,6.296631594872513,9.815352523004217,3,0.02395862441273489,0.2817764906653253,0.009529376372746793,29.384040562384843,0,1,0.5,3000.0
4895.666874033344,7.778209812724471,0,6,1.6987969685421571,0.6436461956147485,33.661144395708874,0.030378021208615318,14.236184970931753,7.873152505804049,4.625021926953852,4.534845855710693,0.17026648548250076,7.6950192062124785,6.296631594872513,9.815352523004217,3,0.02395862441273489,0.2817764906653253,0.009529376372746793,29.384040562384843,0,1,0.16666666666666666,3000.0
4895.666874033344,7.778209812724471,0,6,1.6987969685421571,0.6436461956147485,33.661144395708874,0.030378021208615318,14.236184970931753,7.873152505804049,4.625021926953852,4.534845855710693,0.17026648548250076,7.6950192062124785,6.296631594872513,9.815352523004217,3,0.02395862441273489,0.2817764906653253,0.009529376372746793,29.384040562384843,0,1,0.0,3000.0
4895.666874033344,7.778209812724471,0,6,1.6987969685421571,0.6436461956147485,33.661144395708874,0.030378021208615318,14.236184970931753,7.873152505804049,4.625021926953852,4.534845855710693,0.17026648548250076,7.6950192062124785,6.296631594872513,9.815352523004217,3,0.02395862441273489,0.2817764906653253,0.009529376372746793,29.384040562384843,0,1,0.16666666666666666,3000.0
4895.666874033344,7.778209812724471,0,6,1.6987969685421571,0.6436461956147485,33.661144395708874,0.030378021208615318,14.236184970931753,7.873152505804049,4.625021926953852,4.534845855710693,0.17026648548250076,7.6950192062124785,6.296631594872513,9.815352523004217,3,0.02395862441273489,0.2817764906653253,0.009529376372746793,29.384040562384843,7,1,0.6666666666666666,11716.0
4895.666874033344,7.778209812724471,0,6,1.6987969685421571,0.6436461956147485,33.661144395708874,0.030378021208615318,14.236184970931753,7.873152505804049,4.625021926953852,4.534845855710693,0.17026648548250076,7.6950192062124785,6.296631594872513,9.815352523004217,3,0.02395862441273489,0.2817764906653253,0.009529376372746793,29.384040562384843,0,1,0.16666666666666666,3000.0
4895.666874033344,7.778209812724471,0,6,1.6987969685421571,0.6436461956147485,33.661144395708874,0.030378021208615318,14.236184970931753,7.873152505804049,4.625021926953852,4.534845855710693,0.17026648548250076,7.6950192062124785,6.296631594872513,9.815352523004217,3,0.02395862441273489,0.2817764906653253,0.009529376372746793,29.384040562384843,0,1,0.0,3000.0
4895.666874033344,7.778209812724471,0,6,1.6987969685421571,0.6436461956147485,33.661144395708874,0.030378021208615318,14.236184970931753,7.873152505804049,4.625021926953852,4.534845855710693,0.17026648548250076,7.6950192062124785,6.296631594872513,9.815352523004217,3,0.02395862441273489,0.2817764906653253,0.009529376372746793,29.384040562384843,0,1,0.16666666666666666,3000.0
4895.666874033344,7.778209812724471,0,6,1.6987969685421571,0.6436461956147485,33.661144395708874,0.030378021208615318,14.236184970931753,7.873152505804049,4.625021926953852,4.534845855710693,0.17026648548250076,7.6950192062124785,6.296631594872513,9.815352523004217,3,0.02395862441273489,0.2817764906653253,0.009529376372746793,29.384040562384843,0,1,0.16666666666666666,3000.0
4895.666874033344,7.778209812724471,0,6,1.6987969685421571,0.6436461956147485,33.661144395708874,0.030378021208615318,14.236184970931753,7.873152505804049,4.625021926953852,4.534845855710693,0.17026648548250076,7.6950192062124785,6.296631594872513,9.815352523004217,3,0.02395862441273489,0.2817764906653253,0.009529376372746793,29.384040562384843,0,1,0.16666666666666666,3000.0
5435.1531410192765,6.944194100494876,0,6,1.5868505369184107,0.22170825937738398,46.85750652723714,0.08348343632344019,2.8729575005278765,9.488605351588273,4.145654675849517,6.606878376191509,0.4195083541986839,18.49237476608303,26.06369541705543,5.006991021621631,8,0.16824643694093458,2.601227474434725,0.008076271080128813,27.338610059370602,12,2,1.0,48647.0
5435.1531410192765,6.944194100494876,0,6,1.5868505369184107,0.22170825937738398,46.85750652723714,0.08348343632344019,2.8729575005278765,9.488605351588273,4.145654675849517,6.606878376191509,0.4195083541986839,18.49237476608303,26.06369541705543,5.006991021621631,8,0.16824643694093458,2.601227474434725,0.008076271080128813,27.338610059370602,2,1,1.0,14907.0
5435.1531410192765,6.944194100494876,0,6,1.5868505369184107,0.22170825937738398,46.85750652723714,0.08348343632344019,2.8729575005278765,9.488605351588273,4.145654675849517,6.606878376191509,0.4195083541986839,18.49237476608303,26.06369541705543,5.006991021621631,8,0.16824643694093458,2.601227474434725,0.008076271080128813,27.338610059370602,0,1,0.5,3000.0
5435.1531410192765,6.944194100494876,0,6,1.5868505369184107,0.22170825937738398,46.85750652723714,0.08348343632344019,2.8729575005278765,9.488605351588273,4.145654675849517,6.606878376191509,0.4195083541986839,18.49237476608303,26.06369541705543,5.006991021621631,8,0.16824643694093458,2.601227474434725,0.008076271080128813,27.338610059370602,0,1,0.16666666666666666,3000.0
5435.1531410192765,6.944194100494876,0,6,1.5868505369184107,0.22170825937738398,46.85750652723714,0.08348343632344019,2.8729575005278765,9.488605351588273,4.145654675849517,6.606878376191509,0.4195083541986839,18.49237476608303,26.06369541705543,5.006991021621631,8,0.16824643694093458,2.601227474434725,0.008076271080128813,27.338610059370602,20,3,1.0,181405.0
5435.1531410192765,6.944194100494876,0,6,1.5868505369184107,0.22170825937738398,46.85750652723714,0.08348343632344019,2.8729575005278765,9.488605351588273,4.145654675849517,6.606878376191509,0.4195083541986839,18.49237476608303,26.06369541705543,5.006991021621631,8,0.16824643694093458,2.601227474434725,0.008076271080128813,27.338610059370602,4,1,1.0,14660.0
5435.1531410192765,6.944194100494876,0,6,1.5868505369184107,0.22170825937738398,46.85750652723714,0.08348343632344019,2.8729575005278765,9.488605351588273,4.145654675849517,6.606878376191509,0.4195083541986839,18.49237476608303,26.06369541705543,5.006991021621631,8,0.16824643694093458,2.601227474434725,0.008076271080128813,27.338610059370602,0,1,0.3333333333333333,3000.0
5435.1531410192765,6.944194100494876,0,6,1.5868505369184107,0.22170825937738398,46.85750652723714,0.08348343632344019,2.8729575005278765,9.488605351588273,4.145654675849517,6.606878376191509,0.4195083541986839,18.49237476608303,26.06369541705543,5.006991021621631,8,0.16824643694093458,2.601227474434725,0.008076271080128813,27.338610059370602,0,1,0.5,3000.0
5435.1531410192765,6.944194100494876,0,6,1.5868505369184107,0.22170825937738398,46.85750652723714,0.08348343632344019,2.8729575005278765,9.488605351588273,4.145654675849517,6.606878376191509,0.4195083541986839,18.49237476608303,26.06369541705543,5.006991021621631,8,0.16824643694093458,2.601227474434725,0.008076271080128813,27.338610059370602,0,1,0.16666666666666666,3000.0
5435.1531410192765,6.944194100494876,0,6,1.5868505369184107,0.22170825937738398,46.85750652723714,0.08348343632344019,2.8729575005278765,9.488605351588273,4.145654675849517,6.606878376191509,0.4195083541986839,18.49237476608303,26.06369541705543,5.006991021621631,8,0.16824643694093458,2.601227474434725,0.008076271080128813,27.338610059370602,5,1,0.3333333333333333,4611.0
5435.1531410192765,6.944194100494876,0,6,1.5868505369184107,0.22170825937738398,46.85750652723714,0.08348343632344019,2.8729575005278765,9.488605351588273,4.145654675849517,6.606878376191509,0.4195083541986839,18.49237476608303,26.06369541705543,5.006991021621631,8,0.16824643694093458,2.601227474434725,0.008076271080128813,27.338610059370602,0,1,0.0,3000.0
5435.1531410192765,6.944194100494876,0,6,1.5868505369184107,0.22170825937738398,46.85750652723714,0.08348343632344019,2.8729575005278765,9.488605351588273,4.145654675849517,6.606878376191509,0.4195083541986839,18.49237476608303,26.06369541705543,5.006991021621631,8,0.16824643694093458,2.601227474434725,0.008076271080128813,27.338610059370602,0,1,0.3333333333333333,3000.0
5435.1531410192765,6.944194100494876,0,6,1.5868505369184107,0.22170825937738398,46.85750652723714,0.08348343632344019,2.8729575005278765,9.488605351588273,4.145654675849517,6.606878376191509,0.4195083541986839,18.49237476608303,26.06369541705543,5.006991021621631,8,0.16824643694093458,2.601227474434725,0.008076271080128813,27.338610059370602,0,1,0.3333333333333333,3000.0
5435.1531410192765,6.944194100494876,0,6,1.5868505369184107,0.22170825937738398,46.85750652723714,0.08348343632344019,2.8729575005278765,9.488605351588273,4.145654675849517,6.606878376191509,0.4195083541986839,18.49237476608303,26.06369541705543,5.006991021621631,8,0.16824643694093458,2.601227474434725,0.008076271080128813,27.338610059370602,0,1,0.16666666666666666,3000.0
5435.1531410192765,6.944194100494876,0,6,1.5868505369184107,0.22170825937738398,46.85750652723714,0.08348343632344019,2.8729575005278765,9.488605351588273,4.145654675849517,6.606878376191509,0.4195083541986839,18.49237476608303,26.06369541705543,5.006991021621631,8,0.16824643694093458,2.601227474434725,0.008076271080128813,27.338610059370602,4,1,1.0,13781.0
5435.1531410192765,6.944194100494876,0,6,1.5868505369184107,0.22170825937738398,46.85750652723714,0.08348343632344019,2.8729575005278765,9.488605351588273,4.145654675849517,6.606878376191509,0.4195083541986839,18.49237476608303,26.06369541705543,5.006991021621631,8,0.16824643694093458,2.601227474434725,0.008076271080128813,27.338610059370602,5,1,0.0,2875.0
5435.1531410192765,6.944194100494876,0,6,1.5868505369184107,0.22170825937738398,46.85750652723714,0.08348343632344019,2.8729575005278765,9.488605351588273,4.145654675849517,6.606878376191509,0.4195083541986839,18.49237476608303,26.06369541705543,5.006991021621631,8,0.16824643694093458,2.601227474434725,0.008076271080128813,27.338610059370602,0,1,0.3333333333333333,3000.0
5435.1531410192765,6.944194100494876,0,6,1.5868505369184107,0.22170825937738398,46.85750652723714,0.08348343632344019,2.8729575005278765,9.488605351588273,4.145654675849517,6.606878376191509,0.4195083541986839,18.49237476608303,26.06369541705543,5.006991021621631,8,0.16824643694093458,2.601227474434725,0.008076271080128813,27.338610059370602,6,1,1.0,47796.0
5435.1531410192765,6.944194100494876,0,6,1.5868505369184107,0.22170825937738398,46.85750652723714,0.08348343632344019,2.8729575005278765,9.488605351588273,4.145654675849517,6.606878376191509,0.4195083541986839,18.49237476608303,26.06369541705543,5.006991021621631,8,0.16824643694093458,2.601227474434725,0.008076271080128813,27.338610059370602,0,1,0.16666666666666666,3000.0
5435.1531410192765,6.944194100494876,0,6,1.5868505369184107,0.22170825937738398,46.85750652723714,0.08348343632344019,2.8729575005278765,9.488605351588273,4.145654675849517,6.606878376191509,0.4195083541986839,18.49237476608303,26.06369541705543,5.006991021621631,8,0.16824643694093458,2.601227474434725,0.008076271080128813,27.338610059370602,5,1,0.6666666666666666,5099.0
6846.390332589164,4.168585709627297,1,3,3.164194596374592,0.5131501999922635,47.716189374431714,0.07246859978503517,12.393110892882275,15.177566970838365,2.6602945388924297,1.1848231480481208,0.2728833767599034,12.868734450188795,0.6183938235263589,8.785560507629341,8,0.2647060290472421,4.731939627196089,0.020272009726960725,34.790285325685765,2,1,0.6666666666666666,5896.0
6846.390332589164,4.168585709627297,1,3,3.164194596374592,0.5131501999922635,47.716189374431714,0.07246859978503517,12.393110892882275,15.177566970838365,2.6602945388924297,1.1848231480481208,0.2728833767599034,12.868734450188795,0.6183938235263589,8.785560507629341,8,0.2647060290472421,4.731939627196089,0.020272009726960725,34.790285325685765,3,1,0.6666666666666666,6183.0
6846.390332589164,4.168585709627297,1,3,3.164194596374592,0.5131501999922635,47.716189374431714,0.07246859978503517,12.393110892882275,15.177566970838365,2.6602945388924297,1.1848231480481208,0.2728833767599034,12.868734450188795,0.6183938235263589,8.785560507629341,8,0.2647060290472421,4.731939627196089,0.020272009726960725,34.790285325685765,4,1,0.3333333333333333,4487.0
6846.390332589164,4.168585709627297,1,3,3.164194596374592,0.5131501999922635,47.716189374431714,0.07246859978503517,12.393110892882275,15.177566970838365,2.6602945388924297,1.1848231480481208,0.2728833767599034,12.868734450188795,0.6183938235263589,8.785560507629341,8,0.2647060290472421,4.731939627196089,0.020272009726960725,34.790285325685765,3,1,0.6666666666666666,8261.0
6846.390332589164,4.168585709627297,1,3,3.164194596374592,0.5131501999922635,47.716189374431714,0.07246859978503517,12.393110892882275,15.177566970838365,2.6602945388924297,1.1848231480481208,0.2728833767599034,12.868734450188795,0.6183938235263589,8.785560507629341,8,0.2647060290472421,4.731939627196089,0.020272009726960725,34.790285325685765,20,5,1.0,532193.0
6846.390332589164,4.168585709627297,1,3,3.164194596374592,0.5131501999922635,47.716189374431714,0.07246859978503517,12.393110892882275,15.177566970838365,2.6602945388924297,1.1848231480481208,0.2728833767599034,12.868734450188795,0.6183938235263589,8.785560507629341,8,0.2647060290472421,4.731939627196089,0.020272009726960725,34.790285325685765,4,1,0.0,3510.0
6846.390332589164,4.168585709627297,1,3,3.164194596374592,0.5131501999922635,47.716189374431714,0.07246859978503517,12.393110892882275,15.177566970838365,2.6602945388924297,1.1848231480481208,0.2728833767599034,12.868734450188795,0.6183938235263589,8.785560507629341,8,0.2647060290472421,4.731939627196089,0.020272009726960725,34.790285325685765,3,1,0.6666666666666666,3576.0
6846.390332589164,4.168585709627297,1,3,3.164194596374592,0.5131501999922635,47.716189374431714,0.07246859978503517,12.393110892882275,15.177566970838365,2.6602945388924297,1.1848231480481208,0.2728833767599034,12.868734450188795,0.6183938235263589,8.785560507629341,8,0.2647060290472421,4.731939627196089,0.020272009726960725,34.790285325685765,4,1,1.0,15247.0
6846.390332589164,4.168585709627297,1,3,3.164194596374592,0.5131501999922635,47.716189374431714,0.07246859978503517,12.393110892882275,15.177566970838365,2.6602945388924297,1.1848231480481208,0.2728833767599034,12.868734450188795,0.6183938235263589,8.785560507629341,8,0.2647060290472421,4.731939627196089,0.020272009726960725,34.790285325685765,4,1,0.6666666666666666,8206.0
6846.390332589164,4.168585709627297,1,3,3.164194596374592,0.5131501999922635,47.716189374431714,0.07246859978503517,12.393110892882275,15.177566970838365,2.6602945388924297,1.1848231480481208,0.2728833767599034,12.868734450188795,0.6183938235263589,8.785560507629341,8,0.2647060290472421,4.731939627196089,0.020272009726960725,34.790285325685765,4,1,0.6666666666666666,21777.0
6846.390332589164,4.168585709627297,1,3,3.164194596374592,0.5131501999922635,47.716189374431714,0.07246859978503517,12.393110892882275,15.177566970838365,2.6602945388924297,1.1848231480481208,0.2728833767599034,12.868734450188795,0.6183938235263589,8.785560507629341,8,0.2647060290472421,4.731939627196089,0.020272009726960725,34.790285325685765,4,1,0.3333333333333333,5183.0
6846.390332589164,4.168585709627297,1,3,3.164194596374592,0.5131501999922635,47.716189374431714,0.07246859978503517,12.393110892882275,15.177566970838365,2.6602945388924297,1.1848231480481208,0.2728833767599034,12.868734450188795,0.6183938235263589,8.785560507629341,8,0.2647060290472421,4.731939627196089,0.020272009726960725,34.790285325685765,4,1,1.0,9060.0
6846.390332589164,4.168585709627297,1,3,3.164194596374592,0.5131501999922635,47.716189374431714,0.07246859978503517,12.393110892882275,15.177566970838365,2.6602945388924297,1.1848231480481208,0.2728833767599034,12.868734450188795,0.6183938235263589,8.785560507629341,8,0.2647060290472421,4.731939627196089,0.020272009726960725,34.790285325685765,4,1,1.0,5116.0
6846.390332589164,4.168585709627297,1,3,3.164194596374592,0.5131501999922635,47.716189374431714,0.07246859978503517,12.393110892882275,15.177566970838365,2.6602945388924297,1.1848231480481208,0.2728833767599034,12.868734450188795,0.6183938235263589,8.785560507629341,8,0.2647060290472421,4.731939627196089,0.020272009726960725,34.790285325685765,4,1,0.3333333333333333,4521.0
6846.390332589164,4.168585709627297,1,3,3.164194596374592,0.5131501999922635,47.716189374431714,0.07246859978503517,12.393110892882275,15.177566970838365,2.6602945388924297,1.1848231480481208,0.2728833767599034,12.868734450188795,0.6183938235263589,8.785560507629341,8,0.2647060290472421,4.731939627196089,0.020272009726960725,34.790285325685765,4,1,0.3333333333333333,5612.0
6846.390332589164,4.168585709627297,1,3,3.164194596374592,0.5131501999922635,47.716189374431714,0.07246859978503517,12.393110892882275,15.177566970838365,2.6602945388924297,1.1848231480481208,0.2728833767599034,12.868734450188795,0.6183938235263589,8.785560507629341,8,0.2647060290472421,4.731939627196089,0.020272009726960725,34.790285325685765,4,1,0.3333333333333333,4996.0
6846.390332589164,4.168585709627297,1,3,3.164194596374592,0.5131501999922635,47.716189374431714,0.07246859978503517,12.393110892882275,15.177566970838365,2.6602945388924297,1.1848231480481208,0.2728833767599034,12.868734450188795,0.6183938235263589,8.785560507629341,8,0.2647060290472421,4.731939627196089,0.020272009726960725,34.790285325685765,2,1,1.0,10506.0
6846.390332589164,4.168585709627297,1,3,3.164194596374592,0.5131501999922635,47.716189374431714,0.07246859978503517,12.393110892882275,15.177566970838365,2.6602945388924297,1.1848231480481208,0.2728833767599034,12.868734450188795,0.6183938235263589,8.785560507629341,8,0.2647060290472421,4.731939627196089,0.020272009726960725,34.790285325685765,4,1,1.0,20933.0
6846.390332589164,4.168585709627297,1,3,3.164194596374592,0.5131501999922635,47.716189374431714,0.07246859978503517,12.393110892882275,15.177566970838365,2.6602945388924297,1.1848231480481208,0.2728833767599034,12.868734450188795,0.6183938235263589,8.785560507629341,8,0.2647060290472421,4.731939627196089,0.020272009726960725,34.790285325685765,3,1,0.6666666666666666,5905.0
6846.390332589164,4.168585709627297,1,3,3.164194596374592,0.5131501999922635,47.716189374431714,0.07246859978503517,12.393110892882275,15.177566970838365,2.6602945388924297,1.1848231480481208,0.2728833767599034,12.868734450188795,0.6183938235263589,8.785560507629341,8,0.2647060290472421,4.731939627196089,0.020272009726960725,34.790285325685765,2,1,1.0,6041.0
5828.057571302842,4.148227078948544,1,6,6.660773686908011,0.7263110475176195,36.449069595316274,0.03879299824291398,4.555335714397644,16.84631332476008,1.7061822414023036,2.4817915355798186,0.029633044340963262,2.826748297674058,36.26456815310353,4.171193739546394,2,0.5616019479820374,3.691561624580245,0.013673491273700114,15.102683928853132,4,1,0.0,2522.0
5828.057571302842,4.148227078948544,1,6,6.660773686908011,0.7263110475176195,36.449069595316274,0.03879299824291398,4.555335714397644,16.84631332476008,1.7061822414023036,2.4817915355798186,0.029633044340963262,2.826748297674058,36.26456815310353,4.171193739546394,2,0.5616019479820374,3.691561624580245,0.013673491273700114,15.102683928853132,4,1,0.6666666666666666,5637.0
5828.057571302842,4.148227078948544,1,6,6.660773686908011,0.7263110475176195,36.449069595316274,0.03879299824291398,4.555335714397644,16.84631332476008,1.7061822414023036,2.4817915355798186,0.029633044340963262,2.826748297674058,36.26456815310353,4.171193739546394,2,0.5616019479820374,3.691561624580245,0.013673491273700114,15.102683928853132,3,1,1.0,5082.0
5828.057571302842,4.148227078948544,1,6,6.660773686908011,0.7263110475176195,36.449069595316274,0.03879299824291398,4.555335714397644,16.84631332476008,1.7061822414023036,2.4817915355798186,0.029633044340963262,2.826748297674058,36.26456815310353,4.171193739546394,2,0.5616019479820374,3.691561624580245,0.013673491273700114,15.102683928853132,3,1,0.3333333333333333,6680.0
5828.057571302842,4.148227078948544,1,6,6.660773686908011,0.7263110475176195,36.449069595316274,0.03879299824291398,4.555335714397644,16.84631332476008,1.7061822414023036,2.4817915355798186,0.029633044340963262,2.826748297674058,36.26456815310353,4.171193739546394,2,0.5616019479820374,3.691561624580245,0.013673491273700114,15.102683928853132,4,1,0.6666666666666666,5972.0
5828.057571302842,4.148227078948544,1,6,6.660773686908011,0.7263110475176195,36.449069595316274,0.03879299824291398,4.555335714397644,16.84631332476008,1.7061822414023036,2.4817915355798186,0.029633044340963262,2.826748297674058,36.26456815310353,4.171193739546394,2,0.5616019479820374,3.691561624580245,0.013673491273700114,15.102683928853132,6,2,0.6666666666666666,5288.0
5828.057571302842,4.148227078948544,1,6,6.660773686908011,0.7263110475176195,36.449069595316274,0.03879299824291398,4.555335714397644,16.84631332476008,1.7061822414023036,2.4817915355798186,0.029633044340963262,2.826748297674058,36.26456815310353,4.171193739546394,2,0.5616019479820374,3.691561624580245,0.013673491273700114,15.102683928853132,3,1,1.0,10608.0
5828.057571302842,4.148227078948544,1,6,6.660773686908011,0.7263110475176195,36.449069595316274,0.03879299824291398,4.555335714397644,16.84631332476008,1.7061822414023036,2.4817915355798186,0.029633044340963262,2.826748297674058,36.26456815310353,4.171193739546394,2,0.5616019479820374,3.691561624580245,0.013673491273700114,15.102683928853132,4,1,0.3333333333333333,3634.0
5828.057571302842,4.148227078948544,1,6,6.660773686908011,0.7263110475176195,36.449069595316274,0.03879299824291398,4.555335714397644,16.84631332476008,1.7061822414023036,2.4817915355798186,0.029633044340963262,2.826748297674058,36.26456815310353,4.171193739546394,2,0.5616019479820374,3.691561624580245,0.013673491273700114,15.102683928853132,3,1,0.3333333333333333,4165.0
5828.057571302842,4.148227078948544,1,6,6.660773686908011,0.7263110475176195,36.449069595316274,0.03879299824291398,4.555335714397644,16.84631332476008,1.7061822414023036,2.4817915355798186,0.029633044340963262,2.826748297674058,36.26456815310353,4.171193739546394,2,0.5616019479820374,3.691561624580245,0.013673491273700114,15.102683928853132,4,1,1.0,11396.0
5828.057571302842,4.148227078948544,1,6,6.660773686908011,0.7263110475176195,36.449069595316274,0.03879299824291398,4.555335714397644,16.84631332476008,1.7061822414023036,2.4817915355798186,0.029633044340963262,2.826748297674058,36.26456815310353,4.171193739546394,2,0.5616019479820374,3.691561624580245,0.013673491273700114,15.102683928853132,8,2,1.0,23515.0
5828.057571302842,4.148227078948544,1,6,6.660773686908011,0.7263110475176195,36.449069595316274,0.03879299824291398,4.555335714397644,16.84631332476008,1.7061822414023036,2.4817915355798186,0.029633044340963262,2.826748297674058,36.26456815310353,4.171193739546394,2,0.5616019479820374,3.691561624580245,0.013673491273700114,15.102683928853132,3,1,1.0,6148.0
5828.057571302842,4.148227078948544,1,6,6.660773686908011,0.7263110475176195,36.449069595316274,0.03879299824291398,4.555335714397644,16.84631332476008,1.7061822414023036,2.4817915355798186,0.029633044340963262,2.826748297674058,36.26456815310353,4.171193739546394,2,0.5616019479820374,3.691561624580245,0.013673491273700114,15.102683928853132,4,1,1.0,5407.0
5828.057571302842,4.148227078948544,1,6,6.660773686908011,0.7263110475176195,36.449069595316274,0.03879299824291398,4.555335714397644,16.84631332476008,1.7061822414023036,2.4817915355798186,0.029633044340963262,2.826748297674058,36.26456815310353,4.171193739546394,2,0.5616019479820374,3.691561624580245,0.013673491273700114,15.102683928853132,4,1,0.3333333333333333,9973.0
5828.057571302842,4.148227078948544,1,6,6.660773686908011,0.7263110475176195,36.449069595316274,0.03879299824291398,4.555335714397644,16.84631332476008,1.7061822414023036,2.4817915355798186,0.029633044340963262,2.826748297674058,36.26456815310353,4.171193739546394,2,0.5616019479820374,3.691561624580245,0.013673491273700114,15.102683928853132,3,1,0.3333333333333333,7362.0
5828.057571302842,4.148227078948544,1,6,6.660773686908011,0.7263110475176195,36.449069595316274,0.03879299824291398,4.555335714397644,16.84631332476008,1.7061822414023036,2.4817915355798186,0.029633044340963262,2.826748297674058,36.26456815310353,4.171193739546394,2,0.5616019479820374,3.691561624580245,0.013673491273700114,15.102683928853132,4,1,0.6666666666666666,5016.0
5828.057571302842,4.148227078948544,1,6,6.660773686908011,0.7263110475176195,36.449069595316274,0.03879299824291398,4.555335714397644,16.84631332476008,1.7061822414023036,2.4817915355798186,0.029633044340963262,2.826748297674058,36.26456815310353,4.171193739546394,2,0.5616019479820374,3.691561624580245,0.013673491273700114,15.102683928853132,8,2,0.6666666666666666,12384.0
5828.057571302842,4.148227078948544,1,6,6.660773686908011,0.7263110475176195,36.449069595316274,0.03879299824291398,4.555335714397644,16.84631332476008,1.7061822414023036,2.4817915355798186,0.029633044340963262,2.826748297674058,36.26456815310353,4.171193739546394,2,0.5616019479820374,3.691561624580245,0.013673491273700114,15.102683928853132,4,1,1.0,5972.0
5828.057571302842,4.148227078948544,1,6,6.660773686908011,0.7263110475176195,36.449069595316274,0.03879299824291398,4.555335714397644,16.84631332476008,1.7061822414023036,2.4817915355798186,0.029633044340963262,2.826748297674058,36.26456815310353,4.171193739546394,2,0.5616019479820374,3.691561624580245,0.013673491273700114,15.102683928853132,3,1,0.6666666666666666,4391.0
5828.057571302842,4.148227078948544,1,6,6.660773686908011,0.7263110475176195,36.449069595316274,0.03879299824291398,4.555335714397644,16.84631332476008,1.7061822414023036,2.4817915355798186,0.029633044340963262,2.826748297674058,36.26456815310353,4.171193739546394,2,0.5616019479820374,3.691561624580245,0.013673491273700114,15.102683928853132,4,1,1.0,5965.0
6585.301133139695,4.6111184493527615,3,5,6.091702619409947,0.4042029608862535,20.413878635073274,0.08608061193453702,0.42832386183049975,16.028772978652178,1.1779099854318662,3.1241118390898297,0.03185327464099303,14.520396082341685,10.740693439144735,0.4965831226594954,2,0.4167211285143796,8.772278548766351,0.02091704706796969,16.623315246059086,3,1,0.6666666666666666,6389.0
6585.301133139695,4.6111184493527615,3,5,6.091702619409947,0.4042029608862535,20.413878635073274,0.08608061193453702,0.42832386183049975,16.028772978652178,1.1779099854318662,3.1241118390898297,0.03185327464099303,14.520396082341685,10.740693439144735,0.4965831226594954,2,0.4167211285143796,8.772278548766351,0.02091704706796969,16.623315246059086,3,1,1.0,5356.0
6585.301133139695,4.6111184493527615,3,5,6.091702619409947,0.4042029608862535,20.413878635073274,0.08608061193453702,0.42832386183049975,16.028772978652178,1.1779099854318662,3.1241118390898297,0.03185327464099303,14.520396082341685,10.740693439144735,0.4965831226594954,2,0.4167211285143796,8.772278548766351,0.02091704706796969,16.623315246059086,6,2,1.0,8850.0
6585.301133139695,4.6111184493527615,3,5,6.091702619409947,0.4042029608862535,20.413878635073274,0.08608061193453702,0.42832386183049975,16.028772978652178,1.1779099854318662,3.1241118390898297,0.03185327464099303,14.520396082341685,10.740693439144735,0.4965831226594954,2,0.4167211285143796,8.772278548766351,0.02091704706796969,16.623315246059086,3,1,1.0,4404.0
6585.301133139695,4.6111184493527615,3,5,6.091702619409947,0.4042029608862535,20.413878635073274,0.08608061193453702,0.42832386183049975,16.028772978652178,1.1779099854318662,3.1241118390898297,0.03185327464099303,14.520396082341685,10.740693439144735,0.4965831226594954,2,0.4167211285143796,8.772278548766351,0.02091704706796969,16.623315246059086,13,3,1.0,9942.0
6585.301133139695,4.6111184493527615,3,5,6.091702619409947,0.4042029608862535,20.413878635073274,0.08608061193453702,0.42832386183049975,16.028772978652178,1.1779099854318662,3.1241118390898297,0.03185327464099303,14.520396082341685,10.740693439144735,0.4965831226594954,2,0.4167211285143796,8.772278548766351,0.02091704706796969,16.623315246059086,8,2,1.0,8796.0
6585.301133139695,4.6111184493527615,3,5,6.091702619409947,0.4042029608862535,20.413878635073274,0.08608061193453702,0.42832386183049975,16.028772978652178,1.1779099854318662,3.1241118390898297,0.03185327464099303,14.520396082341685,10.740693439144735,0.4965831226594954,2,0.4167211285143796,8.772278548766351,0.02091704706796969,16.623315246059086,4,1,0.6666666666666666,6682.0
6585.301133139695,4.6111184493527615,3,5,6.091702619409947,0.4042029608862535,20.413878635073274,0.08608061193453702,0.42832386183049975,16.028772978652178,1.1779099854318662,3.1241118390898297,0.03185327464099303,14.520396082341685,10.740693439144735,0.4965831226594954,2,0.4167211285143796,8.772278548766351,0.02091704706796969,16.623315246059086,3,1,0.6666666666666666,5161.0
6585.301133139695,4.6111184493527615,3,5,6.091702619409947,0.4042029608862535,20.413878635073274,0.08608061193453702,0.42832386183049975,16.028772978652178,1.1779099854318662,3.1241118390898297,0.03185327464099303,14.520396082341685,10.740693439144735,0.4965831226594954,2,0.4167211285143796,8.772278548766351,0.02091704706796969,16.623315246059086,7,2,0.6666666666666666,25641.0
6585.301133139695,4.6111184493527615,3,5,6.091702619409947,0.4042029608862535,20.413878635073274,0.08608061193453702,0.42832386183049975,16.028772978652178,1.1779099854318662,3.1241118390898297,0.03185327464099303,14.520396082341685,10.740693439144735,0.4965831226594954,2,0.4167211285143796,8.772278548766351,0.02091704706796969,16.623315246059086,3,1,1.0,4649.0
6585.301133139695,4.6111184493527615,3,5,6.091702619409947,0.4042029608862535,20.413878635073274,0.08608061193453702,0.42832386183049975,16.028772978652178,1.1779099854318662,3.1241118390898297,0.03185327464099303,14.520396082341685,10.740693439144735,0.4965831226594954,2,0.4167211285143796,8.772278548766351,0.02091704706796969,16.623315246059086,4,1,0.6666666666666666,6538.0
6585.301133139695,4.6111184493527615,3,5,6.091702619409947,0.4042029608862535,20.413878635073274,0.08608061193453702,0.42832386183049975,16.028772978652178,1.1779099854318662,3.1241118390898297,0.03185327464099303,14.520396082341685,10.740693439144735,0.4965831226594954,2,0.4167211285143796,8.772278548766351,0.02091704706796969,16.623315246059086,23,5,1.0,13942.0
6585.301133139695,4.6111184493527615,3,5,6.091702619409947,0.4042029608862535,20.413878635073274,0.08608061193453702,0.42832386183049975,16.028772978652178,1.1779099854318662,3.1241118390898297,0.03185327464099303,14.520396082341685,10.740693439144735,0.4965831226594954,2,0.4167211285143796,8.772278548766351,0.02091704706796969,16.623315246059086,4,1,0.6666666666666666,8847.0
6585.301133139695,4.6111184493527615,3,5,6.091702619409947,0.4042029608862535,20.413878635073274,0.08608061193453702,0.42832386183049975,16.028772978652178,1.1779099854318662,3.1241118390898297,0.03185327464099303,14.520396082341685,10.740693439144735,0.4965831226594954,2,0.4167211285143796,8.772278548766351,0.02091704706796969,16.623315246059086,8,2,0.3333333333333333,6716.0
6585.301133139695,4.6111184493527615,3,5,6.091702619409947,0.4042029608862535,20.413878635073274,0.08608061193453702,0.42832386183049975,16.028772978652178,1.1779099854318662,3.1241118390898297,0.03185327464099303,14.520396082341685,10.740693439144735,0.4965831226594954,2,0.4167211285143796,8.772278548766351,0.02091704706796969,16.623315246059086,18,4,1.0,58088.0
6585.301133139695,4.6111184493527615,3,5,6.091702619409947,0.4042029608862535,20.413878635073274,0.08608061193453702,0.42832386183049975,16.028772978652178,1.1779099854318662,3.1241118390898297,0.03185327464099303,14.520396082341685,10.740693439144735,0.4965831226594954,2,0.4167211285143796,8.772278548766351,0.02091704706796969,16.623315246059086,3,1,0.6666666666666666,5506.0
6585.301133139695,4.6111184493527615,3,5,6.091702619409947,0.4042029608862535,20.413878635073274,0.08608061193453702,0.42832386183049975,16.028772978652178,1.1779099854318662,3.1241118390898297,0.03185327464099303,14.520396082341685,10.740693439144735,0.4965831226594954,2,0.4167211285143796,8.772278548766351,0.02091704706796969,16.623315246059086,9,2,0.3333333333333333,7852.0
6585.301133139695,4.6111184493527615,3,5,6.091702619409947,0.4042029608862535,20.413878635073274,0.08608061193453702,0.42832386183049975,16.028772978652178,1.1779099854318662,3.1241118390898297,0.03185327464099303,14.520396082341685,10.740693439144735,0.4965831226594954,2,0.4167211285143796,8.772278548766351,0.02091704706796969,16.623315246059086,4,1,1.0,6442.0
6585.301133139695,4.6111184493527615,3,5,6.091702619409947,0.4042029608862535,20.413878635073274,0.08608061193453702,0.42832386183049975,16.028772978652178,1.1779099854318662,3.1241118390898297,0.03185327464099303,14.520396082341685,10.740693439144735,0.4965831226594954,2,0.4167211285143796,8.772278548766351,0.02091704706796969,16.623315246059086,6,2,0.6666666666666666,4856.0
6585.301133139695,4.6111184493527615,3,5,6.091702619409947,0.4042029608862535,20.413878635073274,0.08608061193453702,0.42832386183049975,16.028772978652178,1.1779099854318662,3.1241118390898297,0.03185327464099303,14.520396082341685,10.740693439144735,0.4965831226594954,2,0.4167211285143796,8.772278548766351,0.02091704706796969,16.623315246059086,6,2,1.0,9313.0
7958.309722115351,5.340885252171001,3,4,6.520800908484059,0.491771397217257,71.76571055679669,0.07367294500888309,10.783652294816394,9.634465096200467,2.668266798742019,1.6581283101735136,0.028907545173782807,16.872860629673962,15.928480431174211,6.357712883574371,1,0.8755198365398481,3.236780032144733,0.04207859606315327,35.072859820389326,4,1,0.6666666666666666,3813.0
7958.309722115351,5.340885252171001,3,4,6.520800908484059,0.491771397217257,71.76571055679669,0.07367294500888309,10.783652294816394,9.634465096200467,2.668266798742019,1.6581283101735136,0.028907545173782807,16.872860629673962,15.928480431174211,6.357712883574371,1,0.8755198365398481,3.236780032144733,0.04207859606315327,35.072859820389326,2,1,0.6666666666666666,6630.0
7958.309722115351,5.340885252171001,3,4,6.520800908484059,0.491771397217257,71.76571055679669,0.07367294500888309,10.783652294816394,9.634465096200467,2.668266798742019,1.6581283101735136,0.028907545173782807,16.872860629673962,15.928480431174211,6.357712883574371,1,0.8755198365398481,3.236780032144733,0.04207859606315327,35.072859820389326,3,1,1.0,14682.0
7958.309722115351,5.340885252171001,3,4,6.520800908484059,0.491771397217257,71.76571055679669,0.07367294500888309,10.783652294816394,9.634465096200467,2.668266798742019,1.6581283101735136,0.028907545173782807,16.872860629673962,15.928480431174211,6.357712883574371,1,0.8755198365398481,3.236780032144733,0.04207859606315327,35.072859820389326,4,1,0.6666666666666666,4616.0
7958.309722115351,5.340885252171001,3,4,6.520800908484059,0.491771397217257,71.76571055679669,0.07367294500888309,10.783652294816394,9.634465096200467,2.668266798742019,1.6581283101735136,0.028907545173782807,16.872860629673962,15.928480431174211,6.357712883574371,1,0.8755198365398481,3.236780032144733,0.04207859606315327,35.072859820389326,4,1,0.6666666666666666,10532.0
7958.309722115351,5.340885252171001,3,4,6.520800908484059,0.491771397217257,71.76571055679669,0.07367294500888309,10.783652294816394,9.634465096200467,2.668266798742019,1.6581283101735136,0.028907545173782807,16.872860629673962,15.928480431174211,6.357712883574371,1,0.8755198365398481,3.236780032144733,0.04207859606315327,35.072859820389326,5,1,0.6666666666666666,7373.0
7958.309722115351,5.340885252171001,3,4,6.520800908484059,0.491771397217257,71.76571055679669,0.07367294500888309,10.783652294816394,9.634465096200467,2.668266798742019,1.6581283101735136,0.028907545173782807,16.872860629673962,15.928480431174211,6.357712883574371,1,0.8755198365398481,3.236780032144733,0.04207859606315327,35.072859820389326,3,1,0.6666666666666666,5425.0
7958.309722115351,5.340885252171001,3,4,6.520800908484059,0.491771397217257,71.76571055679669,0.07367294500888309,10.783652294816394,9.634465096200467,2.668266798742019,1.6581283101735136,0.028907545173782807,16.872860629673962,15.928480431174211,6.357712883574371,1,0.8755198365398481,3.236780032144733,0.04207859606315327,35.072859820389326,4,1,1.0,7471.0
7958.309722115351,5.340885252171001,3,4,6.520800908484059,0.491771397217257,71.76571055679669,0.07367294500888309,10.783652294816394,9.634465096200467,2.668266798742019,1.6581283101735136,0.028907545173782807,16.872860629673962,15.928480431174211,6.357712883574371,1,0.8755198365398481,3.236780032144733,0.04207859606315327,35.072859820389326,4,1,0.6666666666666666,5856.0
7958.309722115351,5.340885252171001,3,4,6.520800908484059,0.491771397217257,71.76571055679669,0.07367294500888309,10.783652294816394,9.634465096200467,2.668266798742019,1.6581283101735136,0.028907545173782807,16.872860629673962,15.928480431174211,6.357712883574371,1,0.8755198365398481,3.236780032144733,0.04207859606315327,35.072859820389326,5,1,1.0,10964.0
7958.309722115351,5.340885252171001,3,4,6.520800908484059,0.491771397217257,71.76571055679669,0.07367294500888309,10.783652294816394,9.634465096200467,2.668266798742019,1.6581283101735136,0.028907545173782807,16.872860629673962,15.928480431174211,6.357712883574371,1,0.8755198365398481,3.236780032144733,0.04207859606315327,35.072859820389326,4,1,1.0,6511.0
7958.309722115351,5.340885252171001,3,4,6.520800908484059,0.491771397217257,71.76571055679669,0.07367294500888309,10.783652294816394,9.634465096200467,2.668266798742019,1.6581283101735136,0.028907545173782807,16.872860629673962,15.928480431174211,6.357712883574371,1,0.8755198365398481,3.236780032144733,0.04207859606315327,35.072859820389326,4,1,1.0,18435.0
7958.309722115351,5.340885252171001,3,4,6.520800908484059,0.491771397217257,71.76571055679669,0.07367294500888309,10.783652294816394,9.634465096200467,2.668266798742019,1.6581283101735136,0.028907545173782807,16.872860629673962,15.928480431174211,6.357712883574371,1,0.8755198365398481,3.236780032144733,0.04207859606315327,35.072859820389326,4,1,0.6666666666666666,5400.0
7958.309722115351,5.340885252171001,3,4,6.520800908484059,0.491771397217257,71.76571055679669,0.07367294500888309,10.783652294816394,9.634465096200467,2.668266798742019,1.6581283101735136,0.028907545173782807,16.872860629673962,15.928480431174211,6.357712883574371,1,0.8755198365398481,3.236780032144733,0.04207859606315327,35.072859820389326,5,1,0.6666666666666666,5194.0
7958.309722115351,5.340885252171001,3,4,6.520800908484059,0.491771397217257,71.76571055679669,0.07367294500888309,10.783652294816394,9.634465096200467,2.668266798742019,1.6581283101735136,0.028907545173782807,16.872860629673962,15.928480431174211,6.357712883574371,1,0.8755198365398481,3.236780032144733,0.04207859606315327,35.072859820389326,4,1,1.0,5999.0
7958.309722115351,5.340885252171001,3,4,6.520800908484059,0.491771397217257,71.76571055679669,0.07367294500888309,10.783652294816394,9.634465096200467,2.668266798742019,1.6581283101735136,0.028907545173782807,16.872860629673962,15.928480431174211,6.357712883574371,1,0.8755198365398481,3.236780032144733,0.04207859606315327,35.072859820389326,4,1,1.0,11370.0
7958.309722115351,5.340885252171001,3,4,6.520800908484059,0.491771397217257,71.76571055679669,0.07367294500888309,10.783652294816394,9.634465096200467,2.668266798742019,1.6581283101735136,0.028907545173782807,16.872860629673962,15.928480431174211,6.357712883574371,1,0.8755198365398481,3.236780032144733,0.04207859606315327,35.072859820389326,5,1,1.0,14482.0
7958.309722115351,5.340885252171001,3,4,6.520800908484059,0.491771397217257,71.76571055679669,0.07367294500888309,10.783652294816394,9.634465096200467,2.668266798742019,1.6581283101735136,0.028907545173782807,16.872860629673962,15.928480431174211,6.357712883574371,1,0.8755198365398481,3.236780032144733,0.04207859606315327,35.072859820389326,3,1,1.0,8968.0
7958.309722115351,5.340885252171001,3,4,6.520800908484059,0.491771397217257,71.76571055679669,0.07367294500888309,10.783652294816394,9.634465096200467,2.668266798742019,1.6581283101735136,0.028907545173782807,16.872860629673962,15.928480431174211,6.357712883574371,1,0.8755198365398481,3.236780032144733,0.04207859606315327,35.072859820389326,5,1,1.0,7990.0
7958.309722115351,5.340885252171001,3,4,6.520800908484059,0.491771397217257,71.76571055679669,0.07367294500888309,10.783652294816394,9.634465096200467,2.668266798742019,1.6581283101735136,0.028907545173782807,16.872860629673962,15.928480431174211,6.357712883574371,1,0.8755198365398481,3.236780032144733,0.04207859606315327,35.072859820389326,3,1,1.0,5644.0
