halite_config_setting_divisor,min_spawns_after_conversions,collect_smoothed_multiplier,collect_actual_multiplier,return_base_multiplier,early_game_return_base_additional_multiplier,early_game_return_boost_step,end_game_return_base_additional_multiplier,establish_base_smoothed_multiplier,establish_first_base_smoothed_multiplier_correction,establish_base_deposit_multiplier,collect_run_enemy_multiplier,return_base_run_enemy_multiplier,establish_base_run_enemy_multiplier,collect_catch_enemy_multiplier,return_base_catch_enemy_multiplier,establish_base_catch_enemy_multiplier,ignore_catch_prob,max_ships,max_spawns_per_step,nearby_ship_halite_spawn_constant,nearby_halite_spawn_constant,remaining_budget_spawn_constant,spawn_score_threshold,max_spawn_relative_step_divisor,terminal_num_ships,terminal_num_bases,episode_reward,terminal_halite
1.0,1,0.2,6.0,6.0,2.0,100,10.0,0.0,1.0,0.75,10.0,1.0,4.0,0.5,0.5,0.5,0.5,20,2,2.0,10.0,0.2,50.0,100.0,15,2,0.6666666666666666,4436.0
1.0,1,0.2,6.0,6.0,2.0,100,10.0,0.0,1.0,0.75,10.0,1.0,4.0,0.5,0.5,0.5,0.5,20,2,2.0,10.0,0.2,50.0,100.0,13,3,0.6666666666666666,4955.0
1.0,1,0.2,6.0,6.0,2.0,100,10.0,0.0,1.0,0.75,10.0,1.0,4.0,0.5,0.5,0.5,0.5,20,2,2.0,10.0,0.2,50.0,100.0,17,3,0.6666666666666666,4938.0
1.0,1,0.2,6.0,6.0,2.0,100,10.0,0.0,1.0,0.75,10.0,1.0,4.0,0.5,0.5,0.5,0.5,20,2,2.0,10.0,0.2,50.0,100.0,16,2,0.6666666666666666,4666.0
1.0,1,0.2,6.0,6.0,2.0,100,10.0,0.0,1.0,0.75,10.0,1.0,4.0,0.5,0.5,0.5,0.5,20,2,2.0,10.0,0.2,50.0,100.0,12,3,0.0,3242.0
1.0,1,0.2,6.0,6.0,2.0,100,10.0,0.0,1.0,0.75,10.0,1.0,4.0,0.5,0.5,0.5,0.5,20,2,2.0,10.0,0.2,50.0,100.0,14,4,1.0,4992.0
1.0,1,0.2,6.0,6.0,2.0,100,10.0,0.0,1.0,0.75,10.0,1.0,4.0,0.5,0.5,0.5,0.5,20,2,2.0,10.0,0.2,50.0,100.0,15,4,0.6666666666666666,4309.0
1.0,1,0.2,6.0,6.0,2.0,100,10.0,0.0,1.0,0.75,10.0,1.0,4.0,0.5,0.5,0.5,0.5,20,2,2.0,10.0,0.2,50.0,100.0,17,3,1.0,4687.0
1.0,1,0.2,6.0,6.0,2.0,100,10.0,0.0,1.0,0.75,10.0,1.0,4.0,0.5,0.5,0.5,0.5,20,2,2.0,10.0,0.2,50.0,100.0,14,4,0.3333333333333333,3920.0
1.0,1,0.2,6.0,6.0,2.0,100,10.0,0.0,1.0,0.75,10.0,1.0,4.0,0.5,0.5,0.5,0.5,20,2,2.0,10.0,0.2,50.0,100.0,10,1,0.3333333333333333,4358.0
1.0,1,0.2,6.0,6.0,2.0,100,10.0,0.0,1.0,0.75,10.0,1.0,4.0,0.5,0.5,0.5,0.5,20,2,2.0,10.0,0.2,50.0,100.0,15,3,1.0,5556.0
1.0,1,0.2,6.0,6.0,2.0,100,10.0,0.0,1.0,0.75,10.0,1.0,4.0,0.5,0.5,0.5,0.5,20,2,2.0,10.0,0.2,50.0,100.0,15,3,1.0,5183.0
1.0,1,0.2,6.0,6.0,2.0,100,10.0,0.0,1.0,0.75,10.0,1.0,4.0,0.5,0.5,0.5,0.5,20,2,2.0,10.0,0.2,50.0,100.0,12,1,1.0,5528.0
1.0,1,0.2,6.0,6.0,2.0,100,10.0,0.0,1.0,0.75,10.0,1.0,4.0,0.5,0.5,0.5,0.5,20,2,2.0,10.0,0.2,50.0,100.0,14,4,0.3333333333333333,4980.0
1.0,1,0.2,6.0,6.0,2.0,100,10.0,0.0,1.0,0.75,10.0,1.0,4.0,0.5,0.5,0.5,0.5,20,2,2.0,10.0,0.2,50.0,100.0,14,3,0.6666666666666666,6646.0
1.0,1,0.2,6.0,6.0,2.0,100,10.0,0.0,1.0,0.75,10.0,1.0,4.0,0.5,0.5,0.5,0.5,20,2,2.0,10.0,0.2,50.0,100.0,16,3,0.6666666666666666,6204.0
1.0,1,0.2,6.0,6.0,2.0,100,10.0,0.0,1.0,0.75,10.0,1.0,4.0,0.5,0.5,0.5,0.5,20,2,2.0,10.0,0.2,50.0,100.0,14,3,0.0,3645.0
1.0,1,0.2,6.0,6.0,2.0,100,10.0,0.0,1.0,0.75,10.0,1.0,4.0,0.5,0.5,0.5,0.5,20,2,2.0,10.0,0.2,50.0,100.0,14,1,0.3333333333333333,4255.0
1.0,1,0.2,6.0,6.0,2.0,100,10.0,0.0,1.0,0.75,10.0,1.0,4.0,0.5,0.5,0.5,0.5,20,2,2.0,10.0,0.2,50.0,100.0,12,3,0.0,3089.0
1.0,1,0.2,6.0,6.0,2.0,100,10.0,0.0,1.0,0.75,10.0,1.0,4.0,0.5,0.5,0.5,0.5,20,2,2.0,10.0,0.2,50.0,100.0,15,3,0.6666666666666666,4256.0
1.0,1,0.2,6.0,6.0,2.0,100,10.0,0.0,1.0,0.75,10.0,1.0,4.0,0.5,0.5,0.5,0.5,20,2,2.0,10.0,0.2,50.0,100.0,14,1,1.0,7623.0
1.0,1,0.2,6.0,6.0,2.0,100,10.0,0.0,1.0,0.75,10.0,1.0,4.0,0.5,0.5,0.5,0.5,20,2,2.0,10.0,0.2,50.0,100.0,12,3,1.0,12065.0
1.0,1,0.2,6.0,6.0,2.0,100,10.0,0.0,1.0,0.75,10.0,1.0,4.0,0.5,0.5,0.5,0.5,20,2,2.0,10.0,0.2,50.0,100.0,16,1,1.0,7518.0
1.0,1,0.2,6.0,6.0,2.0,100,10.0,0.0,1.0,0.75,10.0,1.0,4.0,0.5,0.5,0.5,0.5,20,2,2.0,10.0,0.2,50.0,100.0,16,2,1.0,5829.0
1.0,1,0.2,6.0,6.0,2.0,100,10.0,0.0,1.0,0.75,10.0,1.0,4.0,0.5,0.5,0.5,0.5,20,2,2.0,10.0,0.2,50.0,100.0,8,2,0.0,2704.0
1.0,1,0.2,6.0,6.0,2.0,100,10.0,0.0,1.0,0.75,10.0,1.0,4.0,0.5,0.5,0.5,0.5,20,2,2.0,10.0,0.2,50.0,100.0,10,2,0.0,3456.0
1.0,1,0.2,6.0,6.0,2.0,100,10.0,0.0,1.0,0.75,10.0,1.0,4.0,0.5,0.5,0.5,0.5,20,2,2.0,10.0,0.2,50.0,100.0,17,2,0.3333333333333333,4012.0
1.0,1,0.2,6.0,6.0,2.0,100,10.0,0.0,1.0,0.75,10.0,1.0,4.0,0.5,0.5,0.5,0.5,20,2,2.0,10.0,0.2,50.0,100.0,16,4,1.0,4837.0
1.0,1,0.2,6.0,6.0,2.0,100,10.0,0.0,1.0,0.75,10.0,1.0,4.0,0.5,0.5,0.5,0.5,20,2,2.0,10.0,0.2,50.0,100.0,15,2,0.6666666666666666,4024.0
1.0,1,0.2,6.0,6.0,2.0,100,10.0,0.0,1.0,0.75,10.0,1.0,4.0,0.5,0.5,0.5,0.5,20,2,2.0,10.0,0.2,50.0,100.0,18,2,0.6666666666666666,4860.0
1.0,1,0.2,6.0,6.0,2.0,100,10.0,0.0,1.0,0.75,10.0,1.0,4.0,0.5,0.5,0.5,0.5,20,2,2.0,10.0,0.2,50.0,100.0,14,4,0.0,3143.0
1.0,1,0.2,6.0,6.0,2.0,100,10.0,0.0,1.0,0.75,10.0,1.0,4.0,0.5,0.5,0.5,0.5,20,2,2.0,10.0,0.2,50.0,100.0,14,2,0.3333333333333333,4164.0
1.0,1,0.2,6.0,6.0,2.0,100,10.0,0.0,1.0,0.75,10.0,1.0,4.0,0.5,0.5,0.5,0.5,20,2,2.0,10.0,0.2,50.0,100.0,14,1,1.0,5106.0
1.0,1,0.2,6.0,6.0,2.0,100,10.0,0.0,1.0,0.75,10.0,1.0,4.0,0.5,0.5,0.5,0.5,20,2,2.0,10.0,0.2,50.0,100.0,15,3,0.0,3194.0
1.0,1,0.2,6.0,6.0,2.0,100,10.0,0.0,1.0,0.75,10.0,1.0,4.0,0.5,0.5,0.5,0.5,20,2,2.0,10.0,0.2,50.0,100.0,13,2,0.6666666666666666,4960.0
1.0,1,0.2,6.0,6.0,2.0,100,10.0,0.0,1.0,0.75,10.0,1.0,4.0,0.5,0.5,0.5,0.5,20,2,2.0,10.0,0.2,50.0,100.0,7,5,0.3333333333333333,4546.0
1.0,1,0.2,6.0,6.0,2.0,100,10.0,0.0,1.0,0.75,10.0,1.0,4.0,0.5,0.5,0.5,0.5,20,2,2.0,10.0,0.2,50.0,100.0,13,2,0.0,2989.0
1.0,1,0.2,6.0,6.0,2.0,100,10.0,0.0,1.0,0.75,10.0,1.0,4.0,0.5,0.5,0.5,0.5,20,2,2.0,10.0,0.2,50.0,100.0,11,1,0.3333333333333333,3566.0
1.0,1,0.2,6.0,6.0,2.0,100,10.0,0.0,1.0,0.75,10.0,1.0,4.0,0.5,0.5,0.5,0.5,20,2,2.0,10.0,0.2,50.0,100.0,15,4,1.0,5168.0
1.0,1,0.2,6.0,6.0,2.0,100,10.0,0.0,1.0,0.75,10.0,1.0,4.0,0.5,0.5,0.5,0.5,20,2,2.0,10.0,0.2,50.0,100.0,15,2,0.3333333333333333,4204.0
1.0,1,0.2,6.0,6.0,2.0,100,10.0,0.0,1.0,0.75,10.0,1.0,4.0,0.5,0.5,0.5,0.5,20,2,2.0,10.0,0.2,50.0,100.0,16,1,0.6666666666666666,5037.0
1.0,1,0.2,6.0,6.0,2.0,100,10.0,0.0,1.0,0.75,10.0,1.0,4.0,0.5,0.5,0.5,0.5,20,2,2.0,10.0,0.2,50.0,100.0,15,5,0.6666666666666666,4399.0
1.0,1,0.2,6.0,6.0,2.0,100,10.0,0.0,1.0,0.75,10.0,1.0,4.0,0.5,0.5,0.5,0.5,20,2,2.0,10.0,0.2,50.0,100.0,14,4,0.3333333333333333,4005.0
1.0,1,0.2,6.0,6.0,2.0,100,10.0,0.0,1.0,0.75,10.0,1.0,4.0,0.5,0.5,0.5,0.5,20,2,2.0,10.0,0.2,50.0,100.0,15,2,1.0,4694.0
1.0,1,0.2,6.0,6.0,2.0,100,10.0,0.0,1.0,0.75,10.0,1.0,4.0,0.5,0.5,0.5,0.5,20,2,2.0,10.0,0.2,50.0,100.0,14,2,1.0,4485.0
1.0,1,0.2,6.0,6.0,2.0,100,10.0,0.0,1.0,0.75,10.0,1.0,4.0,0.5,0.5,0.5,0.5,20,2,2.0,10.0,0.2,50.0,100.0,14,1,0.6666666666666666,4630.0
1.0,1,0.2,6.0,6.0,2.0,100,10.0,0.0,1.0,0.75,10.0,1.0,4.0,0.5,0.5,0.5,0.5,20,2,2.0,10.0,0.2,50.0,100.0,12,2,0.3333333333333333,4108.0
1.0,1,0.2,6.0,6.0,2.0,100,10.0,0.0,1.0,0.75,10.0,1.0,4.0,0.5,0.5,0.5,0.5,20,2,2.0,10.0,0.2,50.0,100.0,13,3,0.3333333333333333,3998.0
1.0,1,0.2,6.0,6.0,2.0,100,10.0,0.0,1.0,0.75,10.0,1.0,4.0,0.5,0.5,0.5,0.5,20,2,2.0,10.0,0.2,50.0,100.0,10,2,0.6666666666666666,4748.0
1.0,1,0.2,6.0,6.0,2.0,100,10.0,0.0,1.0,0.75,10.0,1.0,4.0,0.5,0.5,0.5,0.5,20,2,2.0,10.0,0.2,50.0,100.0,11,4,0.0,3125.0
1.0,1,0.2,6.0,6.0,2.0,100,10.0,0.0,1.0,0.75,10.0,1.0,4.0,0.5,0.5,0.5,0.5,20,2,2.0,10.0,0.2,50.0,100.0,14,2,1.0,8345.0
1.0,1,0.2,6.0,6.0,2.0,100,10.0,0.0,1.0,0.75,10.0,1.0,4.0,0.5,0.5,0.5,0.5,20,2,2.0,10.0,0.2,50.0,100.0,9,3,0.0,2427.0
1.0,1,0.2,6.0,6.0,2.0,100,10.0,0.0,1.0,0.75,10.0,1.0,4.0,0.5,0.5,0.5,0.5,20,2,2.0,10.0,0.2,50.0,100.0,14,3,0.3333333333333333,4169.0
1.0,1,0.2,6.0,6.0,2.0,100,10.0,0.0,1.0,0.75,10.0,1.0,4.0,0.5,0.5,0.5,0.5,20,2,2.0,10.0,0.2,50.0,100.0,16,2,0.6666666666666666,4869.0
1.0,1,0.2,6.0,6.0,2.0,100,10.0,0.0,1.0,0.75,10.0,1.0,4.0,0.5,0.5,0.5,0.5,20,2,2.0,10.0,0.2,50.0,100.0,14,3,1.0,4298.0
1.0,1,0.2,6.0,6.0,2.0,100,10.0,0.0,1.0,0.75,10.0,1.0,4.0,0.5,0.5,0.5,0.5,20,2,2.0,10.0,0.2,50.0,100.0,17,3,0.6666666666666666,4690.0
1.0,1,0.2,6.0,6.0,2.0,100,10.0,0.0,1.0,0.75,10.0,1.0,4.0,0.5,0.5,0.5,0.5,20,2,2.0,10.0,0.2,50.0,100.0,15,2,0.3333333333333333,4188.0
1.0,1,0.2,6.0,6.0,2.0,100,10.0,0.0,1.0,0.75,10.0,1.0,4.0,0.5,0.5,0.5,0.5,20,2,2.0,10.0,0.2,50.0,100.0,9,1,0.6666666666666666,4160.0
1.0,1,0.2,6.0,6.0,2.0,100,10.0,0.0,1.0,0.75,10.0,1.0,4.0,0.5,0.5,0.5,0.5,20,2,2.0,10.0,0.2,50.0,100.0,12,3,0.3333333333333333,3809.0
1.0,1,0.2,6.0,6.0,2.0,100,10.0,0.0,1.0,0.75,10.0,1.0,4.0,0.5,0.5,0.5,0.5,20,2,2.0,10.0,0.2,50.0,100.0,17,2,1.0,6971.0
1.0,1,0.2,6.0,6.0,2.0,100,10.0,0.0,1.0,0.75,10.0,1.0,4.0,0.5,0.5,0.5,0.5,20,2,2.0,10.0,0.2,50.0,100.0,18,2,1.0,8540.0
1.0,1,0.2,6.0,6.0,2.0,100,10.0,0.0,1.0,0.75,10.0,1.0,4.0,0.5,0.5,0.5,0.5,20,2,2.0,10.0,0.2,50.0,100.0,15,3,0.3333333333333333,4620.0
1.0,1,0.2,6.0,6.0,2.0,100,10.0,0.0,1.0,0.75,10.0,1.0,4.0,0.5,0.5,0.5,0.5,20,2,2.0,10.0,0.2,50.0,100.0,12,3,0.0,3460.0
1.0,1,0.2,6.0,6.0,2.0,100,10.0,0.0,1.0,0.75,10.0,1.0,4.0,0.5,0.5,0.5,0.5,20,2,2.0,10.0,0.2,50.0,100.0,14,3,0.0,3965.0
1.0,1,0.2,6.0,6.0,2.0,100,10.0,0.0,1.0,0.75,10.0,1.0,4.0,0.5,0.5,0.5,0.5,20,2,2.0,10.0,0.2,50.0,100.0,13,3,0.6666666666666666,4401.0
1.0,1,0.2,6.0,6.0,2.0,100,10.0,0.0,1.0,0.75,10.0,1.0,4.0,0.5,0.5,0.5,0.5,20,2,2.0,10.0,0.2,50.0,100.0,12,3,1.0,6095.0
1.0,1,0.2,6.0,6.0,2.0,100,10.0,0.0,1.0,0.75,10.0,1.0,4.0,0.5,0.5,0.5,0.5,20,2,2.0,10.0,0.2,50.0,100.0,14,2,1.0,4599.0
1.0,1,0.2,6.0,6.0,2.0,100,10.0,0.0,1.0,0.75,10.0,1.0,4.0,0.5,0.5,0.5,0.5,20,2,2.0,10.0,0.2,50.0,100.0,11,1,0.6666666666666666,5069.0
1.0,1,0.2,6.0,6.0,2.0,100,10.0,0.0,1.0,0.75,10.0,1.0,4.0,0.5,0.5,0.5,0.5,20,2,2.0,10.0,0.2,50.0,100.0,16,3,0.3333333333333333,5332.0
1.0,1,0.2,6.0,6.0,2.0,100,10.0,0.0,1.0,0.75,10.0,1.0,4.0,0.5,0.5,0.5,0.5,20,2,2.0,10.0,0.2,50.0,100.0,13,2,0.3333333333333333,4354.0
1.0,1,0.2,6.0,6.0,2.0,100,10.0,0.0,1.0,0.75,10.0,1.0,4.0,0.5,0.5,0.5,0.5,20,2,2.0,10.0,0.2,50.0,100.0,11,3,0.3333333333333333,4014.0
1.0,1,0.2,6.0,6.0,2.0,100,10.0,0.0,1.0,0.75,10.0,1.0,4.0,0.5,0.5,0.5,0.5,20,2,2.0,10.0,0.2,50.0,100.0,17,2,0.6666666666666666,4655.0
1.0,1,0.2,6.0,6.0,2.0,100,10.0,0.0,1.0,0.75,10.0,1.0,4.0,0.5,0.5,0.5,0.5,20,2,2.0,10.0,0.2,50.0,100.0,8,2,0.3333333333333333,2640.0
1.0,1,0.2,6.0,6.0,2.0,100,10.0,0.0,1.0,0.75,10.0,1.0,4.0,0.5,0.5,0.5,0.5,20,2,2.0,10.0,0.2,50.0,100.0,15,1,0.6666666666666666,5359.0
1.0,1,0.2,6.0,6.0,2.0,100,10.0,0.0,1.0,0.75,10.0,1.0,4.0,0.5,0.5,0.5,0.5,20,2,2.0,10.0,0.2,50.0,100.0,14,1,1.0,4547.0
1.0,1,0.2,6.0,6.0,2.0,100,10.0,0.0,1.0,0.75,10.0,1.0,4.0,0.5,0.5,0.5,0.5,20,2,2.0,10.0,0.2,50.0,100.0,16,3,0.6666666666666666,6932.0
1.0,1,0.2,6.0,6.0,2.0,100,10.0,0.0,1.0,0.75,10.0,1.0,4.0,0.5,0.5,0.5,0.5,20,2,2.0,10.0,0.2,50.0,100.0,17,2,1.0,5046.0
1.0,1,0.2,6.0,6.0,2.0,100,10.0,0.0,1.0,0.75,10.0,1.0,4.0,0.5,0.5,0.5,0.5,20,2,2.0,10.0,0.2,50.0,100.0,12,2,0.6666666666666666,4899.0
1.0,1,0.2,6.0,6.0,2.0,100,10.0,0.0,1.0,0.75,10.0,1.0,4.0,0.5,0.5,0.5,0.5,20,2,2.0,10.0,0.2,50.0,100.0,14,3,0.3333333333333333,3911.0
1.0,1,0.2,6.0,6.0,2.0,100,10.0,0.0,1.0,0.75,10.0,1.0,4.0,0.5,0.5,0.5,0.5,20,2,2.0,10.0,0.2,50.0,100.0,16,3,1.0,3549.0
1.0,1,0.2,6.0,6.0,2.0,100,10.0,0.0,1.0,0.75,10.0,1.0,4.0,0.5,0.5,0.5,0.5,20,2,2.0,10.0,0.2,50.0,100.0,10,4,0.3333333333333333,3388.0
1.0,1,0.2,6.0,6.0,2.0,100,10.0,0.0,1.0,0.75,10.0,1.0,4.0,0.5,0.5,0.5,0.5,20,2,2.0,10.0,0.2,50.0,100.0,19,3,0.6666666666666666,6290.0
1.0,1,0.2,6.0,6.0,2.0,100,10.0,0.0,1.0,0.75,10.0,1.0,4.0,0.5,0.5,0.5,0.5,20,2,2.0,10.0,0.2,50.0,100.0,14,3,0.3333333333333333,3504.0
1.0,1,0.2,6.0,6.0,2.0,100,10.0,0.0,1.0,0.75,10.0,1.0,4.0,0.5,0.5,0.5,0.5,20,2,2.0,10.0,0.2,50.0,100.0,11,4,0.0,3335.0
1.0,1,0.2,6.0,6.0,2.0,100,10.0,0.0,1.0,0.75,10.0,1.0,4.0,0.5,0.5,0.5,0.5,20,2,2.0,10.0,0.2,50.0,100.0,13,3,1.0,6251.0
1.0,1,0.2,6.0,6.0,2.0,100,10.0,0.0,1.0,0.75,10.0,1.0,4.0,0.5,0.5,0.5,0.5,20,2,2.0,10.0,0.2,50.0,100.0,13,2,1.0,5155.0
1.0,1,0.2,6.0,6.0,2.0,100,10.0,0.0,1.0,0.75,10.0,1.0,4.0,0.5,0.5,0.5,0.5,20,2,2.0,10.0,0.2,50.0,100.0,15,4,0.6666666666666666,5263.0
1.0,1,0.2,6.0,6.0,2.0,100,10.0,0.0,1.0,0.75,10.0,1.0,4.0,0.5,0.5,0.5,0.5,20,2,2.0,10.0,0.2,50.0,100.0,14,3,0.6666666666666666,4032.0
1.0,1,0.2,6.0,6.0,2.0,100,10.0,0.0,1.0,0.75,10.0,1.0,4.0,0.5,0.5,0.5,0.5,20,2,2.0,10.0,0.2,50.0,100.0,10,2,0.6666666666666666,5760.0
1.0,1,0.2,6.0,6.0,2.0,100,10.0,0.0,1.0,0.75,10.0,1.0,4.0,0.5,0.5,0.5,0.5,20,2,2.0,10.0,0.2,50.0,100.0,17,3,1.0,4395.0
1.0,1,0.2,6.0,6.0,2.0,100,10.0,0.0,1.0,0.75,10.0,1.0,4.0,0.5,0.5,0.5,0.5,20,2,2.0,10.0,0.2,50.0,100.0,15,4,0.6666666666666666,4550.0
1.0,1,0.2,6.0,6.0,2.0,100,10.0,0.0,1.0,0.75,10.0,1.0,4.0,0.5,0.5,0.5,0.5,20,2,2.0,10.0,0.2,50.0,100.0,19,2,1.0,4121.0
1.0,1,0.2,6.0,6.0,2.0,100,10.0,0.0,1.0,0.75,10.0,1.0,4.0,0.5,0.5,0.5,0.5,20,2,2.0,10.0,0.2,50.0,100.0,15,1,1.0,4504.0
1.0,1,0.2,6.0,6.0,2.0,100,10.0,0.0,1.0,0.75,10.0,1.0,4.0,0.5,0.5,0.5,0.5,20,2,2.0,10.0,0.2,50.0,100.0,16,2,1.0,9693.0
1.0,1,0.2,6.0,6.0,2.0,100,10.0,0.0,1.0,0.75,10.0,1.0,4.0,0.5,0.5,0.5,0.5,20,2,2.0,10.0,0.2,50.0,100.0,10,4,0.0,3450.0
1.0,1,0.2,6.0,6.0,2.0,100,10.0,0.0,1.0,0.75,10.0,1.0,4.0,0.5,0.5,0.5,0.5,20,2,2.0,10.0,0.2,50.0,100.0,15,1,0.0,4646.0
1.0,1,0.2,6.0,6.0,2.0,100,10.0,0.0,1.0,0.75,10.0,1.0,4.0,0.5,0.5,0.5,0.5,20,2,2.0,10.0,0.2,50.0,100.0,15,3,0.6666666666666666,4146.0
1.0,1,0.2,6.0,6.0,2.0,100,10.0,0.0,1.0,0.75,10.0,1.0,4.0,0.5,0.5,0.5,0.5,20,2,2.0,10.0,0.2,50.0,100.0,11,5,0.0,2518.0
1.0,1,0.2,6.0,6.0,2.0,100,10.0,0.0,1.0,0.75,10.0,1.0,4.0,0.5,0.5,0.5,0.5,20,2,2.0,10.0,0.2,50.0,100.0,13,1,0.3333333333333333,3069.0
1.0,1,0.2,6.0,6.0,2.0,100,10.0,0.0,1.0,0.75,10.0,1.0,4.0,0.5,0.5,0.5,0.5,20,2,2.0,10.0,0.2,50.0,100.0,16,3,0.6666666666666666,4091.0
1.0,1,0.2,6.0,6.0,2.0,100,10.0,0.0,1.0,0.75,10.0,1.0,4.0,0.5,0.5,0.5,0.5,20,2,2.0,10.0,0.2,50.0,100.0,12,4,0.6666666666666666,4554.0
1.0,1,0.2,6.0,6.0,2.0,100,10.0,0.0,1.0,0.75,10.0,1.0,4.0,0.5,0.5,0.5,0.5,20,2,2.0,10.0,0.2,50.0,100.0,9,2,0.0,2719.0
1.0,1,0.2,6.0,6.0,2.0,100,10.0,0.0,1.0,0.75,10.0,1.0,4.0,0.5,0.5,0.5,0.5,20,2,2.0,10.0,0.2,50.0,100.0,10,3,0.3333333333333333,3782.0
1.0,1,0.2,6.0,6.0,2.0,100,10.0,0.0,1.0,0.75,10.0,1.0,4.0,0.5,0.5,0.5,0.5,20,2,2.0,10.0,0.2,50.0,100.0,16,2,0.6666666666666666,4774.0
1.0,1,0.2,6.0,6.0,2.0,100,10.0,0.0,1.0,0.75,10.0,1.0,4.0,0.5,0.5,0.5,0.5,20,2,2.0,10.0,0.2,50.0,100.0,14,4,1.0,3928.0
1.0,1,0.2,6.0,6.0,2.0,100,10.0,0.0,1.0,0.75,10.0,1.0,4.0,0.5,0.5,0.5,0.5,20,2,2.0,10.0,0.2,50.0,100.0,7,2,0.0,3247.0
1.0,1,0.2,6.0,6.0,2.0,100,10.0,0.0,1.0,0.75,10.0,1.0,4.0,0.5,0.5,0.5,0.5,20,2,2.0,10.0,0.2,50.0,100.0,8,3,0.3333333333333333,2971.0
1.0,1,0.2,6.0,6.0,2.0,100,10.0,0.0,1.0,0.75,10.0,1.0,4.0,0.5,0.5,0.5,0.5,20,2,2.0,10.0,0.2,50.0,100.0,5,3,0.0,3264.0
1.0,1,0.2,6.0,6.0,2.0,100,10.0,0.0,1.0,0.75,10.0,1.0,4.0,0.5,0.5,0.5,0.5,20,2,2.0,10.0,0.2,50.0,100.0,13,2,1.0,5021.0
1.0,1,0.2,6.0,6.0,2.0,100,10.0,0.0,1.0,0.75,10.0,1.0,4.0,0.5,0.5,0.5,0.5,20,2,2.0,10.0,0.2,50.0,100.0,10,2,0.6666666666666666,3633.0
1.0,1,0.2,6.0,6.0,2.0,100,10.0,0.0,1.0,0.75,10.0,1.0,4.0,0.5,0.5,0.5,0.5,20,2,2.0,10.0,0.2,50.0,100.0,12,3,0.3333333333333333,3828.0
1.0,1,0.2,6.0,6.0,2.0,100,10.0,0.0,1.0,0.75,10.0,1.0,4.0,0.5,0.5,0.5,0.5,20,2,2.0,10.0,0.2,50.0,100.0,11,4,0.3333333333333333,3615.0
1.0,1,0.2,6.0,6.0,2.0,100,10.0,0.0,1.0,0.75,10.0,1.0,4.0,0.5,0.5,0.5,0.5,20,2,2.0,10.0,0.2,50.0,100.0,7,2,0.0,3599.0
1.0,1,0.2,6.0,6.0,2.0,100,10.0,0.0,1.0,0.75,10.0,1.0,4.0,0.5,0.5,0.5,0.5,20,2,2.0,10.0,0.2,50.0,100.0,11,2,0.6666666666666666,3954.0
1.0,1,0.2,6.0,6.0,2.0,100,10.0,0.0,1.0,0.75,10.0,1.0,4.0,0.5,0.5,0.5,0.5,20,2,2.0,10.0,0.2,50.0,100.0,12,2,1.0,5390.0
1.0,1,0.2,6.0,6.0,2.0,100,10.0,0.0,1.0,0.75,10.0,1.0,4.0,0.5,0.5,0.5,0.5,20,2,2.0,10.0,0.2,50.0,100.0,10,3,0.6666666666666666,3472.0
1.0,1,0.2,6.0,6.0,2.0,100,10.0,0.0,1.0,0.75,10.0,1.0,4.0,0.5,0.5,0.5,0.5,20,2,2.0,10.0,0.2,50.0,100.0,10,1,0.6666666666666666,4948.0
1.0,1,0.2,6.0,6.0,2.0,100,10.0,0.0,1.0,0.75,10.0,1.0,4.0,0.5,0.5,0.5,0.5,20,2,2.0,10.0,0.2,50.0,100.0,8,1,0.0,2743.0
1.0,1,0.2,6.0,6.0,2.0,100,10.0,0.0,1.0,0.75,10.0,1.0,4.0,0.5,0.5,0.5,0.5,20,2,2.0,10.0,0.2,50.0,100.0,9,2,0.3333333333333333,3543.0
1.0,1,0.2,6.0,6.0,2.0,100,10.0,0.0,1.0,0.75,10.0,1.0,4.0,0.5,0.5,0.5,0.5,20,2,2.0,10.0,0.2,50.0,100.0,9,1,0.0,3797.0
1.0,1,0.2,6.0,6.0,2.0,100,10.0,0.0,1.0,0.75,10.0,1.0,4.0,0.5,0.5,0.5,0.5,20,2,2.0,10.0,0.2,50.0,100.0,16,4,1.0,4965.0
1.0,1,0.2,6.0,6.0,2.0,100,10.0,0.0,1.0,0.75,10.0,1.0,4.0,0.5,0.5,0.5,0.5,20,2,2.0,10.0,0.2,50.0,100.0,11,4,0.0,2853.0
1.0,1,0.2,6.0,6.0,2.0,100,10.0,0.0,1.0,0.75,10.0,1.0,4.0,0.5,0.5,0.5,0.5,20,2,2.0,10.0,0.2,50.0,100.0,11,3,0.0,3061.0
1.0,1,0.2,6.0,6.0,2.0,100,10.0,0.0,1.0,0.75,10.0,1.0,4.0,0.5,0.5,0.5,0.5,20,2,2.0,10.0,0.2,50.0,100.0,15,2,1.0,5536.0
1.0,1,0.2,6.0,6.0,2.0,100,10.0,0.0,1.0,0.75,10.0,1.0,4.0,0.5,0.5,0.5,0.5,20,2,2.0,10.0,0.2,50.0,100.0,15,2,0.3333333333333333,4096.0
1.0,1,0.2,6.0,6.0,2.0,100,10.0,0.0,1.0,0.75,10.0,1.0,4.0,0.5,0.5,0.5,0.5,20,2,2.0,10.0,0.2,50.0,100.0,7,2,0.6666666666666666,3781.0
1.0,1,0.2,6.0,6.0,2.0,100,10.0,0.0,1.0,0.75,10.0,1.0,4.0,0.5,0.5,0.5,0.5,20,2,2.0,10.0,0.2,50.0,100.0,15,3,0.6666666666666666,5829.0
1.0,1,0.2,6.0,6.0,2.0,100,10.0,0.0,1.0,0.75,10.0,1.0,4.0,0.5,0.5,0.5,0.5,20,2,2.0,10.0,0.2,50.0,100.0,15,3,0.6666666666666666,5067.0
1.0,1,0.2,6.0,6.0,2.0,100,10.0,0.0,1.0,0.75,10.0,1.0,4.0,0.5,0.5,0.5,0.5,20,2,2.0,10.0,0.2,50.0,100.0,9,1,1.0,4461.0
1.0,1,0.2,6.0,6.0,2.0,100,10.0,0.0,1.0,0.75,10.0,1.0,4.0,0.5,0.5,0.5,0.5,20,2,2.0,10.0,0.2,50.0,100.0,10,1,0.6666666666666666,4635.0
1.0,1,0.2,6.0,6.0,2.0,100,10.0,0.0,1.0,0.75,10.0,1.0,4.0,0.5,0.5,0.5,0.5,20,2,2.0,10.0,0.2,50.0,100.0,4,3,0.0,1266.0
1.0,1,0.2,6.0,6.0,2.0,100,10.0,0.0,1.0,0.75,10.0,1.0,4.0,0.5,0.5,0.5,0.5,20,2,2.0,10.0,0.2,50.0,100.0,15,4,1.0,4550.0
1.0,1,0.2,6.0,6.0,2.0,100,10.0,0.0,1.0,0.75,10.0,1.0,4.0,0.5,0.5,0.5,0.5,20,2,2.0,10.0,0.2,50.0,100.0,8,2,0.3333333333333333,3591.0
1.0,1,0.2,6.0,6.0,2.0,100,10.0,0.0,1.0,0.75,10.0,1.0,4.0,0.5,0.5,0.5,0.5,20,2,2.0,10.0,0.2,50.0,100.0,10,2,0.0,3097.0
1.0,1,0.2,6.0,6.0,2.0,100,10.0,0.0,1.0,0.75,10.0,1.0,4.0,0.5,0.5,0.5,0.5,20,2,2.0,10.0,0.2,50.0,100.0,13,3,0.6666666666666666,3570.0
1.0,1,0.2,6.0,6.0,2.0,100,10.0,0.0,1.0,0.75,10.0,1.0,4.0,0.5,0.5,0.5,0.5,20,2,2.0,10.0,0.2,50.0,100.0,14,4,0.6666666666666666,3558.0
1.0,1,0.2,6.0,6.0,2.0,100,10.0,0.0,1.0,0.75,10.0,1.0,4.0,0.5,0.5,0.5,0.5,20,2,2.0,10.0,0.2,50.0,100.0,10,2,0.0,3493.0
1.0,1,0.2,6.0,6.0,2.0,100,10.0,0.0,1.0,0.75,10.0,1.0,4.0,0.5,0.5,0.5,0.5,20,2,2.0,10.0,0.2,50.0,100.0,10,3,0.0,3835.0
1.0,1,0.2,6.0,6.0,2.0,100,10.0,0.0,1.0,0.75,10.0,1.0,4.0,0.5,0.5,0.5,0.5,20,2,2.0,10.0,0.2,50.0,100.0,13,4,0.6666666666666666,3980.0
1.0,1,0.2,6.0,6.0,2.0,100,10.0,0.0,1.0,0.75,10.0,1.0,4.0,0.5,0.5,0.5,0.5,20,2,2.0,10.0,0.2,50.0,100.0,8,3,0.6666666666666666,3916.0
1.0,1,0.2,6.0,6.0,2.0,100,10.0,0.0,1.0,0.75,10.0,1.0,4.0,0.5,0.5,0.5,0.5,20,2,2.0,10.0,0.2,50.0,100.0,7,4,0.0,1834.0
1.0,1,0.2,6.0,6.0,2.0,100,10.0,0.0,1.0,0.75,10.0,1.0,4.0,0.5,0.5,0.5,0.5,20,2,2.0,10.0,0.2,50.0,100.0,11,3,0.3333333333333333,3205.0
1.0,1,0.2,6.0,6.0,2.0,100,10.0,0.0,1.0,0.75,10.0,1.0,4.0,0.5,0.5,0.5,0.5,20,2,2.0,10.0,0.2,50.0,100.0,8,1,0.0,4329.0
1.0,1,0.2,6.0,6.0,2.0,100,10.0,0.0,1.0,0.75,10.0,1.0,4.0,0.5,0.5,0.5,0.5,20,2,2.0,10.0,0.2,50.0,100.0,9,4,0.0,1968.0
1.0,1,0.2,6.0,6.0,2.0,100,10.0,0.0,1.0,0.75,10.0,1.0,4.0,0.5,0.5,0.5,0.5,20,2,2.0,10.0,0.2,50.0,100.0,9,1,0.3333333333333333,3305.0
1.0,1,0.2,6.0,6.0,2.0,100,10.0,0.0,1.0,0.75,10.0,1.0,4.0,0.5,0.5,0.5,0.5,20,2,2.0,10.0,0.2,50.0,100.0,16,3,1.0,4960.0
1.0,1,0.2,6.0,6.0,2.0,100,10.0,0.0,1.0,0.75,10.0,1.0,4.0,0.5,0.5,0.5,0.5,20,2,2.0,10.0,0.2,50.0,100.0,9,3,0.0,2732.0
1.0,1,0.2,6.0,6.0,2.0,100,10.0,0.0,1.0,0.75,10.0,1.0,4.0,0.5,0.5,0.5,0.5,20,2,2.0,10.0,0.2,50.0,100.0,10,2,0.3333333333333333,3724.0
1.0,1,0.2,6.0,6.0,2.0,100,10.0,0.0,1.0,0.75,10.0,1.0,4.0,0.5,0.5,0.5,0.5,20,2,2.0,10.0,0.2,50.0,100.0,10,3,0.0,1933.0
1.0,1,0.2,6.0,6.0,2.0,100,10.0,0.0,1.0,0.75,10.0,1.0,4.0,0.5,0.5,0.5,0.5,20,2,2.0,10.0,0.2,50.0,100.0,8,3,0.0,3939.0
1.0,1,0.2,6.0,6.0,2.0,100,10.0,0.0,1.0,0.75,10.0,1.0,4.0,0.5,0.5,0.5,0.5,20,2,2.0,10.0,0.2,50.0,100.0,11,2,0.6666666666666666,4246.0
1.0,1,0.2,6.0,6.0,2.0,100,10.0,0.0,1.0,0.75,10.0,1.0,4.0,0.5,0.5,0.5,0.5,20,2,2.0,10.0,0.2,50.0,100.0,14,3,1.0,4467.0
1.0,1,0.2,6.0,6.0,2.0,100,10.0,0.0,1.0,0.75,10.0,1.0,4.0,0.5,0.5,0.5,0.5,20,2,2.0,10.0,0.2,50.0,100.0,11,3,0.0,3395.0
1.0,1,0.2,6.0,6.0,2.0,100,10.0,0.0,1.0,0.75,10.0,1.0,4.0,0.5,0.5,0.5,0.5,20,2,2.0,10.0,0.2,50.0,100.0,10,2,0.0,3590.0
1.0,1,0.2,6.0,6.0,2.0,100,10.0,0.0,1.0,0.75,10.0,1.0,4.0,0.5,0.5,0.5,0.5,20,2,2.0,10.0,0.2,50.0,100.0,10,3,0.0,2220.0
1.0,1,0.2,6.0,6.0,2.0,100,10.0,0.0,1.0,0.75,10.0,1.0,4.0,0.5,0.5,0.5,0.5,20,2,2.0,10.0,0.2,50.0,100.0,6,2,0.3333333333333333,3670.0
1.0,1,0.2,6.0,6.0,2.0,100,10.0,0.0,1.0,0.75,10.0,1.0,4.0,0.5,0.5,0.5,0.5,20,2,2.0,10.0,0.2,50.0,100.0,16,4,1.0,4826.0
1.0,1,0.2,6.0,6.0,2.0,100,10.0,0.0,1.0,0.75,10.0,1.0,4.0,0.5,0.5,0.5,0.5,20,2,2.0,10.0,0.2,50.0,100.0,8,3,0.6666666666666666,3999.0
1.0,1,0.2,6.0,6.0,2.0,100,10.0,0.0,1.0,0.75,10.0,1.0,4.0,0.5,0.5,0.5,0.5,20,2,2.0,10.0,0.2,50.0,100.0,9,3,0.0,2389.0
1.0,1,0.2,6.0,6.0,2.0,100,10.0,0.0,1.0,0.75,10.0,1.0,4.0,0.5,0.5,0.5,0.5,20,2,2.0,10.0,0.2,50.0,100.0,11,2,0.6666666666666666,4183.0
1.0,1,0.2,6.0,6.0,2.0,100,10.0,0.0,1.0,0.75,10.0,1.0,4.0,0.5,0.5,0.5,0.5,20,2,2.0,10.0,0.2,50.0,100.0,11,1,0.6666666666666666,4270.0
1.0,1,0.2,6.0,6.0,2.0,100,10.0,0.0,1.0,0.75,10.0,1.0,4.0,0.5,0.5,0.5,0.5,20,2,2.0,10.0,0.2,50.0,100.0,11,3,0.0,3067.0
1.0,1,0.2,6.0,6.0,2.0,100,10.0,0.0,1.0,0.75,10.0,1.0,4.0,0.5,0.5,0.5,0.5,20,2,2.0,10.0,0.2,50.0,100.0,10,2,1.0,5397.0
1.0,1,0.2,6.0,6.0,2.0,100,10.0,0.0,1.0,0.75,10.0,1.0,4.0,0.5,0.5,0.5,0.5,20,2,2.0,10.0,0.2,50.0,100.0,9,3,0.3333333333333333,3570.0
1.0,1,0.2,6.0,6.0,2.0,100,10.0,0.0,1.0,0.75,10.0,1.0,4.0,0.5,0.5,0.5,0.5,20,2,2.0,10.0,0.2,50.0,100.0,11,3,0.6666666666666666,4319.0
1.0,1,0.2,6.0,6.0,2.0,100,10.0,0.0,1.0,0.75,10.0,1.0,4.0,0.5,0.5,0.5,0.5,20,2,2.0,10.0,0.2,50.0,100.0,10,4,0.0,3122.0
1.0,1,0.2,6.0,6.0,2.0,100,10.0,0.0,1.0,0.75,10.0,1.0,4.0,0.5,0.5,0.5,0.5,20,2,2.0,10.0,0.2,50.0,100.0,12,3,0.0,3693.0
1.0,1,0.2,6.0,6.0,2.0,100,10.0,0.0,1.0,0.75,10.0,1.0,4.0,0.5,0.5,0.5,0.5,20,2,2.0,10.0,0.2,50.0,100.0,11,2,0.6666666666666666,4144.0
1.0,1,0.2,6.0,6.0,2.0,100,10.0,0.0,1.0,0.75,10.0,1.0,4.0,0.5,0.5,0.5,0.5,20,2,2.0,10.0,0.2,50.0,100.0,9,2,0.3333333333333333,3167.0
1.0,1,0.2,6.0,6.0,2.0,100,10.0,0.0,1.0,0.75,10.0,1.0,4.0,0.5,0.5,0.5,0.5,20,2,2.0,10.0,0.2,50.0,100.0,11,2,1.0,4337.0
1.0,1,0.2,6.0,6.0,2.0,100,10.0,0.0,1.0,0.75,10.0,1.0,4.0,0.5,0.5,0.5,0.5,20,2,2.0,10.0,0.2,50.0,100.0,12,1,0.0,3844.0
1.0,1,0.2,6.0,6.0,2.0,100,10.0,0.0,1.0,0.75,10.0,1.0,4.0,0.5,0.5,0.5,0.5,20,2,2.0,10.0,0.2,50.0,100.0,13,3,0.3333333333333333,3782.0
1.0,1,0.2,6.0,6.0,2.0,100,10.0,0.0,1.0,0.75,10.0,1.0,4.0,0.5,0.5,0.5,0.5,20,2,2.0,10.0,0.2,50.0,100.0,14,3,0.6666666666666666,4568.0
1.0,1,0.2,6.0,6.0,2.0,100,10.0,0.0,1.0,0.75,10.0,1.0,4.0,0.5,0.5,0.5,0.5,20,2,2.0,10.0,0.2,50.0,100.0,15,1,1.0,4921.0
1.0,1,0.2,6.0,6.0,2.0,100,10.0,0.0,1.0,0.75,10.0,1.0,4.0,0.5,0.5,0.5,0.5,20,2,2.0,10.0,0.2,50.0,100.0,9,4,0.0,2266.0
1.0,1,0.2,6.0,6.0,2.0,100,10.0,0.0,1.0,0.75,10.0,1.0,4.0,0.5,0.5,0.5,0.5,20,2,2.0,10.0,0.2,50.0,100.0,7,3,0.3333333333333333,3186.0
1.0,1,0.2,6.0,6.0,2.0,100,10.0,0.0,1.0,0.75,10.0,1.0,4.0,0.5,0.5,0.5,0.5,20,2,2.0,10.0,0.2,50.0,100.0,10,3,1.0,4667.0
1.0,1,0.2,6.0,6.0,2.0,100,10.0,0.0,1.0,0.75,10.0,1.0,4.0,0.5,0.5,0.5,0.5,20,2,2.0,10.0,0.2,50.0,100.0,12,3,1.0,3994.0
1.0,1,0.2,6.0,6.0,2.0,100,10.0,0.0,1.0,0.75,10.0,1.0,4.0,0.5,0.5,0.5,0.5,20,2,2.0,10.0,0.2,50.0,100.0,12,3,0.3333333333333333,4113.0
1.0,1,0.2,6.0,6.0,2.0,100,10.0,0.0,1.0,0.75,10.0,1.0,4.0,0.5,0.5,0.5,0.5,20,2,2.0,10.0,0.2,50.0,100.0,12,1,1.0,5474.0
1.0,1,0.2,6.0,6.0,2.0,100,10.0,0.0,1.0,0.75,10.0,1.0,4.0,0.5,0.5,0.5,0.5,20,2,2.0,10.0,0.2,50.0,100.0,10,1,1.0,3760.0
1.0,1,0.2,6.0,6.0,2.0,100,10.0,0.0,1.0,0.75,10.0,1.0,4.0,0.5,0.5,0.5,0.5,20,2,2.0,10.0,0.2,50.0,100.0,9,1,0.0,3681.0
1.0,1,0.2,6.0,6.0,2.0,100,10.0,0.0,1.0,0.75,10.0,1.0,4.0,0.5,0.5,0.5,0.5,20,2,2.0,10.0,0.2,50.0,100.0,5,3,0.0,1803.0
1.0,1,0.2,6.0,6.0,2.0,100,10.0,0.0,1.0,0.75,10.0,1.0,4.0,0.5,0.5,0.5,0.5,20,2,2.0,10.0,0.2,50.0,100.0,12,1,0.6666666666666666,5149.0
1.0,1,0.2,6.0,6.0,2.0,100,10.0,0.0,1.0,0.75,10.0,1.0,4.0,0.5,0.5,0.5,0.5,20,2,2.0,10.0,0.2,50.0,100.0,9,1,0.3333333333333333,3407.0
1.0,1,0.2,6.0,6.0,2.0,100,10.0,0.0,1.0,0.75,10.0,1.0,4.0,0.5,0.5,0.5,0.5,20,2,2.0,10.0,0.2,50.0,100.0,11,3,0.6666666666666666,3960.0
1.0,1,0.2,6.0,6.0,2.0,100,10.0,0.0,1.0,0.75,10.0,1.0,4.0,0.5,0.5,0.5,0.5,20,2,2.0,10.0,0.2,50.0,100.0,13,2,0.6666666666666666,4139.0
1.0,1,0.2,6.0,6.0,2.0,100,10.0,0.0,1.0,0.75,10.0,1.0,4.0,0.5,0.5,0.5,0.5,20,2,2.0,10.0,0.2,50.0,100.0,6,4,0.0,1404.0
1.0,1,0.2,6.0,6.0,2.0,100,10.0,0.0,1.0,0.75,10.0,1.0,4.0,0.5,0.5,0.5,0.5,20,2,2.0,10.0,0.2,50.0,100.0,11,2,1.0,3834.0
1.0,1,0.2,6.0,6.0,2.0,100,10.0,0.0,1.0,0.75,10.0,1.0,4.0,0.5,0.5,0.5,0.5,20,2,2.0,10.0,0.2,50.0,100.0,11,3,0.3333333333333333,4185.0
1.0,1,0.2,6.0,6.0,2.0,100,10.0,0.0,1.0,0.75,10.0,1.0,4.0,0.5,0.5,0.5,0.5,20,2,2.0,10.0,0.2,50.0,100.0,13,2,1.0,4806.0
1.0,1,0.2,6.0,6.0,2.0,100,10.0,0.0,1.0,0.75,10.0,1.0,4.0,0.5,0.5,0.5,0.5,20,2,2.0,10.0,0.2,50.0,100.0,8,1,1.0,5146.0
1.0,1,0.2,6.0,6.0,2.0,100,10.0,0.0,1.0,0.75,10.0,1.0,4.0,0.5,0.5,0.5,0.5,20,2,2.0,10.0,0.2,50.0,100.0,9,1,0.6666666666666666,4402.0
1.0,1,0.2,6.0,6.0,2.0,100,10.0,0.0,1.0,0.75,10.0,1.0,4.0,0.5,0.5,0.5,0.5,20,2,2.0,10.0,0.2,50.0,100.0,14,3,0.6666666666666666,3727.0
1.0,1,0.2,6.0,6.0,2.0,100,10.0,0.0,1.0,0.75,10.0,1.0,4.0,0.5,0.5,0.5,0.5,20,2,2.0,10.0,0.2,50.0,100.0,11,5,0.3333333333333333,2647.0
1.0,1,0.2,6.0,6.0,2.0,100,10.0,0.0,1.0,0.75,10.0,1.0,4.0,0.5,0.5,0.5,0.5,20,2,2.0,10.0,0.2,50.0,100.0,9,3,0.3333333333333333,3279.0
1.0,1,0.2,6.0,6.0,2.0,100,10.0,0.0,1.0,0.75,10.0,1.0,4.0,0.5,0.5,0.5,0.5,20,2,2.0,10.0,0.2,50.0,100.0,6,3,0.3333333333333333,2248.0
1.0,1,0.2,6.0,6.0,2.0,100,10.0,0.0,1.0,0.75,10.0,1.0,4.0,0.5,0.5,0.5,0.5,20,2,2.0,10.0,0.2,50.0,100.0,14,3,1.0,4060.0
1.0,1,0.2,6.0,6.0,2.0,100,10.0,0.0,1.0,0.75,10.0,1.0,4.0,0.5,0.5,0.5,0.5,20,2,2.0,10.0,0.2,50.0,100.0,10,3,0.0,3432.0
1.0,1,0.2,6.0,6.0,2.0,100,10.0,0.0,1.0,0.75,10.0,1.0,4.0,0.5,0.5,0.5,0.5,20,2,2.0,10.0,0.2,50.0,100.0,10,3,0.3333333333333333,2960.0
1.0,1,0.2,6.0,6.0,2.0,100,10.0,0.0,1.0,0.75,10.0,1.0,4.0,0.5,0.5,0.5,0.5,20,2,2.0,10.0,0.2,50.0,100.0,12,1,1.0,4587.0
1.0,1,0.2,6.0,6.0,2.0,100,10.0,0.0,1.0,0.75,10.0,1.0,4.0,0.5,0.5,0.5,0.5,20,2,2.0,10.0,0.2,50.0,100.0,6,2,0.0,3275.0
1.0,1,0.2,6.0,6.0,2.0,100,10.0,0.0,1.0,0.75,10.0,1.0,4.0,0.5,0.5,0.5,0.5,20,2,2.0,10.0,0.2,50.0,100.0,12,2,0.6666666666666666,4774.0
1.0,1,0.2,6.0,6.0,2.0,100,10.0,0.0,1.0,0.75,10.0,1.0,4.0,0.5,0.5,0.5,0.5,20,2,2.0,10.0,0.2,50.0,100.0,10,2,0.3333333333333333,3527.0
1.0,1,0.2,6.0,6.0,2.0,100,10.0,0.0,1.0,0.75,10.0,1.0,4.0,0.5,0.5,0.5,0.5,20,2,2.0,10.0,0.2,50.0,100.0,10,2,0.3333333333333333,3169.0
1.0,1,0.2,6.0,6.0,2.0,100,10.0,0.0,1.0,0.75,10.0,1.0,4.0,0.5,0.5,0.5,0.5,20,2,2.0,10.0,0.2,50.0,100.0,11,3,0.6666666666666666,3746.0
1.0,1,0.2,6.0,6.0,2.0,100,10.0,0.0,1.0,0.75,10.0,1.0,4.0,0.5,0.5,0.5,0.5,20,2,2.0,10.0,0.2,50.0,100.0,11,2,0.6666666666666666,3256.0
1.0,1,0.2,6.0,6.0,2.0,100,10.0,0.0,1.0,0.75,10.0,1.0,4.0,0.5,0.5,0.5,0.5,20,2,2.0,10.0,0.2,50.0,100.0,11,4,0.0,2817.0
1.0,1,0.2,6.0,6.0,2.0,100,10.0,0.0,1.0,0.75,10.0,1.0,4.0,0.5,0.5,0.5,0.5,20,2,2.0,10.0,0.2,50.0,100.0,15,4,1.0,7145.0
1.0,1,0.2,6.0,6.0,2.0,100,10.0,0.0,1.0,0.75,10.0,1.0,4.0,0.5,0.5,0.5,0.5,20,2,2.0,10.0,0.2,50.0,100.0,13,2,0.6666666666666666,4505.0
1.0,1,0.2,6.0,6.0,2.0,100,10.0,0.0,1.0,0.75,10.0,1.0,4.0,0.5,0.5,0.5,0.5,20,2,2.0,10.0,0.2,50.0,100.0,14,3,0.3333333333333333,4028.0
1.0,1,0.2,6.0,6.0,2.0,100,10.0,0.0,1.0,0.75,10.0,1.0,4.0,0.5,0.5,0.5,0.5,20,2,2.0,10.0,0.2,50.0,100.0,11,2,0.0,3232.0
1.0,1,0.2,6.0,6.0,2.0,100,10.0,0.0,1.0,0.75,10.0,1.0,4.0,0.5,0.5,0.5,0.5,20,2,2.0,10.0,0.2,50.0,100.0,13,2,1.0,4889.0
1.0,1,0.2,6.0,6.0,2.0,100,10.0,0.0,1.0,0.75,10.0,1.0,4.0,0.5,0.5,0.5,0.5,20,2,2.0,10.0,0.2,50.0,100.0,12,4,0.0,3989.0
1.0,1,0.2,6.0,6.0,2.0,100,10.0,0.0,1.0,0.75,10.0,1.0,4.0,0.5,0.5,0.5,0.5,20,2,2.0,10.0,0.2,50.0,100.0,11,3,0.6666666666666666,4643.0
1.0,1,0.2,6.0,6.0,2.0,100,10.0,0.0,1.0,0.75,10.0,1.0,4.0,0.5,0.5,0.5,0.5,20,2,2.0,10.0,0.2,50.0,100.0,7,2,0.6666666666666666,4873.0
1.0,1,0.2,6.0,6.0,2.0,100,10.0,0.0,1.0,0.75,10.0,1.0,4.0,0.5,0.5,0.5,0.5,20,2,2.0,10.0,0.2,50.0,100.0,5,3,0.0,2278.0
1.0,1,0.2,6.0,6.0,2.0,100,10.0,0.0,1.0,0.75,10.0,1.0,4.0,0.5,0.5,0.5,0.5,20,2,2.0,10.0,0.2,50.0,100.0,13,2,1.0,4666.0
1.0,1,0.2,6.0,6.0,2.0,100,10.0,0.0,1.0,0.75,10.0,1.0,4.0,0.5,0.5,0.5,0.5,20,2,2.0,10.0,0.2,50.0,100.0,8,3,0.0,3136.0
1.0,1,0.2,6.0,6.0,2.0,100,10.0,0.0,1.0,0.75,10.0,1.0,4.0,0.5,0.5,0.5,0.5,20,2,2.0,10.0,0.2,50.0,100.0,12,4,0.0,4006.0
1.0,1,0.2,6.0,6.0,2.0,100,10.0,0.0,1.0,0.75,10.0,1.0,4.0,0.5,0.5,0.5,0.5,20,2,2.0,10.0,0.2,50.0,100.0,15,4,0.3333333333333333,5114.0
1.0,1,0.2,6.0,6.0,2.0,100,10.0,0.0,1.0,0.75,10.0,1.0,4.0,0.5,0.5,0.5,0.5,20,2,2.0,10.0,0.2,50.0,100.0,12,5,0.0,3602.0
1.0,1,0.2,6.0,6.0,2.0,100,10.0,0.0,1.0,0.75,10.0,1.0,4.0,0.5,0.5,0.5,0.5,20,2,2.0,10.0,0.2,50.0,100.0,10,5,0.3333333333333333,2803.0
1.0,1,0.2,6.0,6.0,2.0,100,10.0,0.0,1.0,0.75,10.0,1.0,4.0,0.5,0.5,0.5,0.5,20,2,2.0,10.0,0.2,50.0,100.0,11,2,1.0,7096.0
1.0,1,0.2,6.0,6.0,2.0,100,10.0,0.0,1.0,0.75,10.0,1.0,4.0,0.5,0.5,0.5,0.5,20,2,2.0,10.0,0.2,50.0,100.0,11,2,1.0,5142.0
1.0,1,0.2,6.0,6.0,2.0,100,10.0,0.0,1.0,0.75,10.0,1.0,4.0,0.5,0.5,0.5,0.5,20,2,2.0,10.0,0.2,50.0,100.0,7,2,0.0,3037.0
1.0,1,0.2,6.0,6.0,2.0,100,10.0,0.0,1.0,0.75,10.0,1.0,4.0,0.5,0.5,0.5,0.5,20,2,2.0,10.0,0.2,50.0,100.0,11,2,0.3333333333333333,4223.0
1.0,1,0.2,6.0,6.0,2.0,100,10.0,0.0,1.0,0.75,10.0,1.0,4.0,0.5,0.5,0.5,0.5,20,2,2.0,10.0,0.2,50.0,100.0,8,2,0.6666666666666666,5122.0
1.0,1,0.2,6.0,6.0,2.0,100,10.0,0.0,1.0,0.75,10.0,1.0,4.0,0.5,0.5,0.5,0.5,20,2,2.0,10.0,0.2,50.0,100.0,9,4,0.0,2390.0
1.0,1,0.2,6.0,6.0,2.0,100,10.0,0.0,1.0,0.75,10.0,1.0,4.0,0.5,0.5,0.5,0.5,20,2,2.0,10.0,0.2,50.0,100.0,17,3,1.0,5350.0
1.0,1,0.2,6.0,6.0,2.0,100,10.0,0.0,1.0,0.75,10.0,1.0,4.0,0.5,0.5,0.5,0.5,20,2,2.0,10.0,0.2,50.0,100.0,15,3,1.0,6609.0
1.0,1,0.2,6.0,6.0,2.0,100,10.0,0.0,1.0,0.75,10.0,1.0,4.0,0.5,0.5,0.5,0.5,20,2,2.0,10.0,0.2,50.0,100.0,14,3,1.0,7715.0
1.0,1,0.2,6.0,6.0,2.0,100,10.0,0.0,1.0,0.75,10.0,1.0,4.0,0.5,0.5,0.5,0.5,20,2,2.0,10.0,0.2,50.0,100.0,12,2,0.6666666666666666,3966.0
1.0,1,0.2,6.0,6.0,2.0,100,10.0,0.0,1.0,0.75,10.0,1.0,4.0,0.5,0.5,0.5,0.5,20,2,2.0,10.0,0.2,50.0,100.0,13,1,1.0,4277.0
1.0,1,0.2,6.0,6.0,2.0,100,10.0,0.0,1.0,0.75,10.0,1.0,4.0,0.5,0.5,0.5,0.5,20,2,2.0,10.0,0.2,50.0,100.0,13,4,1.0,6338.0
1.0,1,0.2,6.0,6.0,2.0,100,10.0,0.0,1.0,0.75,10.0,1.0,4.0,0.5,0.5,0.5,0.5,20,2,2.0,10.0,0.2,50.0,100.0,9,3,0.0,3539.0
1.0,1,0.2,6.0,6.0,2.0,100,10.0,0.0,1.0,0.75,10.0,1.0,4.0,0.5,0.5,0.5,0.5,20,2,2.0,10.0,0.2,50.0,100.0,7,2,0.0,2747.0
1.0,1,0.2,6.0,6.0,2.0,100,10.0,0.0,1.0,0.75,10.0,1.0,4.0,0.5,0.5,0.5,0.5,20,2,2.0,10.0,0.2,50.0,100.0,9,1,0.6666666666666666,4397.0
1.0,1,0.2,6.0,6.0,2.0,100,10.0,0.0,1.0,0.75,10.0,1.0,4.0,0.5,0.5,0.5,0.5,20,2,2.0,10.0,0.2,50.0,100.0,13,5,0.3333333333333333,2890.0
1.0,1,0.2,6.0,6.0,2.0,100,10.0,0.0,1.0,0.75,10.0,1.0,4.0,0.5,0.5,0.5,0.5,20,2,2.0,10.0,0.2,50.0,100.0,13,3,0.3333333333333333,3662.0
1.0,1,0.2,6.0,6.0,2.0,100,10.0,0.0,1.0,0.75,10.0,1.0,4.0,0.5,0.5,0.5,0.5,20,2,2.0,10.0,0.2,50.0,100.0,13,2,0.3333333333333333,3560.0
1.0,1,0.2,6.0,6.0,2.0,100,10.0,0.0,1.0,0.75,10.0,1.0,4.0,0.5,0.5,0.5,0.5,20,2,2.0,10.0,0.2,50.0,100.0,14,5,1.0,5390.0
1.0,1,0.2,6.0,6.0,2.0,100,10.0,0.0,1.0,0.75,10.0,1.0,4.0,0.5,0.5,0.5,0.5,20,2,2.0,10.0,0.2,50.0,100.0,15,2,1.0,5920.0
1.0,1,0.2,6.0,6.0,2.0,100,10.0,0.0,1.0,0.75,10.0,1.0,4.0,0.5,0.5,0.5,0.5,20,2,2.0,10.0,0.2,50.0,100.0,13,3,0.6666666666666666,3568.0
1.0,1,0.2,6.0,6.0,2.0,100,10.0,0.0,1.0,0.75,10.0,1.0,4.0,0.5,0.5,0.5,0.5,20,2,2.0,10.0,0.2,50.0,100.0,10,1,1.0,4275.0
1.0,1,0.2,6.0,6.0,2.0,100,10.0,0.0,1.0,0.75,10.0,1.0,4.0,0.5,0.5,0.5,0.5,20,2,2.0,10.0,0.2,50.0,100.0,11,2,0.3333333333333333,4211.0
1.0,1,0.2,6.0,6.0,2.0,100,10.0,0.0,1.0,0.75,10.0,1.0,4.0,0.5,0.5,0.5,0.5,20,2,2.0,10.0,0.2,50.0,100.0,10,2,0.6666666666666666,2921.0
1.0,1,0.2,6.0,6.0,2.0,100,10.0,0.0,1.0,0.75,10.0,1.0,4.0,0.5,0.5,0.5,0.5,20,2,2.0,10.0,0.2,50.0,100.0,4,1,0.0,2122.0
1.0,1,0.2,6.0,6.0,2.0,100,10.0,0.0,1.0,0.75,10.0,1.0,4.0,0.5,0.5,0.5,0.5,20,2,2.0,10.0,0.2,50.0,100.0,6,4,0.6666666666666666,4828.0
1.0,1,0.2,6.0,6.0,2.0,100,10.0,0.0,1.0,0.75,10.0,1.0,4.0,0.5,0.5,0.5,0.5,20,2,2.0,10.0,0.2,50.0,100.0,14,3,1.0,5180.0
