halite_config_setting_divisor,min_spawns_after_conversions,collect_smoothed_multiplier,collect_actual_multiplier,collect_less_halite_ships_multiplier_base,collect_base_nearest_distance_exponent,return_base_multiplier,return_base_less_halite_ships_multiplier_base,early_game_return_base_additional_multiplier,early_game_return_boost_step,end_game_return_base_additional_multiplier,establish_base_smoothed_multiplier,establish_first_base_smoothed_multiplier_correction,establish_base_deposit_multiplier,establish_base_less_halite_ships_multiplier_base,collect_run_enemy_multiplier,return_base_run_enemy_multiplier,establish_base_run_enemy_multiplier,collect_catch_enemy_multiplier,return_base_catch_enemy_multiplier,establish_base_catch_enemy_multiplier,ignore_catch_prob,max_ships,max_spawns_per_step,nearby_ship_halite_spawn_constant,nearby_halite_spawn_constant,remaining_budget_spawn_constant,spawn_score_threshold,max_spawn_relative_step_divisor,Average win rate
1.0000000000530964,1.0,0.3490839010517748,6.880079646429943,0.9717487663310278,0.7883337576067633,4.51227462525679,0.8003273921411009,2.1720701844361736,74.0,5.608670183933215,0.2630751286530566,0.6155887084129567,0.8733612542753371,0.9814389432694228,7.937891425336058,1.2967364365052971,1.6372521454639313,1.888337042348461,1.1572708086215808,0.9739186510303092,0.4460928216772838,22.0,2.0,1.23107061890883,15.801284061560555,0.1550049458578785,30.404541252013868,194.44961054829184,0.7333333333333333
1.000000000015999,0.0,0.4169774556611249,8.539359148279344,0.9982146701406978,0.3980388008056765,4.933099582549623,0.8015016962685765,1.8543634964832831,148.0,9.589553377444506,0.11440495621289025,0.8128027151907218,0.6260074898656399,0.9623846396923792,14.809288064598135,0.1043872195807876,0.4492934227244012,0.998983047675253,1.139456609162943,1.8598112331739625,0.3562861060705592,17.0,3.0,2.133025540488523,14.59897363229085,0.2924392109490078,63.62206334983257,151.27458476587026,0.6266666666666666
1.0000000000270766,0.0,0.3281491802467561,5.965142142665013,0.8027737080837944,0.3709648494165354,4.906880446461948,0.9187538631319424,1.7829430742276966,146.0,6.151229125637666,0.4794616465252976,1.467859018642849,0.7766713035412535,0.934047866733471,11.197144689417513,0.019217354194684958,0.8175891324598291,1.6088413289779255,1.110716010656324,0.6327974978355716,0.4699024458984261,24.0,2.0,2.5728619994391297,14.314765088982133,0.229282567276804,64.72719604380185,162.1349485217518,0.5866666666666667
1.0000000000810991,0.0,0.478843697916063,4.220241946932303,0.8974933947820448,0.5264209020593114,7.185241752798997,0.9467370537196724,1.1617785516818928,142.0,11.460597012758859,0.07939974365129761,1.2987378580612134,0.9519559042641832,0.8557003974092636,7.762323070023919,0.9657974066413636,0.06724442308158164,0.5614092590855909,1.1188124813112656,0.4789025597650022,0.3144856139730633,19.0,2.0,2.4154979693682206,6.34448334238849,0.10987245155906712,62.56716405251693,51.97185124068703,0.6399999999999999
1.0000000000589768,1.0,0.255195235498593,6.3692339167141485,0.8041137831141097,0.5477480400740316,7.764899318745058,0.9357676836056849,2.8514688656205265,117.0,9.025934544200696,0.16650204031305252,0.6142547136338101,0.5926049535299139,0.9478880539674468,11.303520926693926,1.0969768600523042,0.7905951087983888,0.9584718785952002,0.08806966061536592,0.4930009709847904,0.4893278164993798,21.0,1.0,2.3997110765790883,18.40270755002776,0.1626356854051791,54.5597784567662,132.5448096097715,0.7633333333333334
1.000000000000664,2.0,0.2725106381285146,8.538786038385455,0.9236245832003932,0.6517189247205872,7.845600594429658,0.8033831960945491,2.8414391688927765,74.0,6.680816242079833,0.4765172217606889,0.8891577718680447,0.7361370102725582,0.986712852709578,8.932586650819736,0.039983956978000064,0.6407096681443143,0.3049388125932058,1.6195690335921682,1.722694432001511,0.4888587466165824,18.0,1.0,1.14359868644219,17.540597839956767,0.2464447548935381,82.21020867965983,172.2031121921901,0.6533333333333333
1.0000000000105462,2.0,0.3500869550310488,6.005202358928147,0.966902148540168,0.4268867925163748,4.007273065373163,0.8407653511861366,2.1647452575532844,126.0,7.10411384280042,0.3465585559485581,0.9627448312755178,0.6541955657838483,0.9434869037107176,10.192032486906843,1.2764381688626676,1.0422017740342258,1.8737386896926984,0.9501724773203584,1.1867556936677623,0.4541676506777636,25.0,1.0,0.6582525012809277,5.245265954581166,0.2885014797162567,15.442716396428096,128.1674329318534,0.7266666666666669
1.0000000000898783,2.0,0.11643810059449056,8.329499729304379,0.9081303615617042,0.6237956768896296,5.5708851520207165,0.8972337009708256,2.429695145337436,56.0,8.614257601954904,0.35127952162364345,1.344439244993701,0.7633409864970992,0.9660211939048324,12.626414386675346,0.5837322412027709,4.748549177747755,1.1798856252639889,0.7346198609997682,1.6053035927033117,0.4600159074147973,22.0,1.0,2.1560553884832934,16.534167277702437,0.25432423432972096,98.5434636620637,66.78345419629787,0.8133333333333336
1.000000000043894,0.0,0.3164621858513144,3.611307331229399,0.9735617493601598,0.20766019713745607,6.020176059184696,0.8748872182334283,1.5664233081250916,130.0,11.08808985234679,0.3762998205448059,1.3797713195411443,0.8314091148619098,0.8002691841768685,6.2089917426886165,0.9920803236966448,1.195457192537279,1.7281613716872473,0.6411443045697104,0.185310374844514,0.3963238933275487,22.0,1.0,2.011584949790051,17.693097005536174,0.2265401817120128,64.44972771866439,101.66748696010664,0.7533333333333333
1.0000000000122071,2.0,0.4088679889681189,8.142497617755556,0.8405236321977304,0.3715865525978906,5.011951901198356,0.86930723912176,2.4370150026440878,89.0,14.655902193872798,0.37612200955416536,0.7179125341313104,0.8178106133275446,0.9172599502984378,7.642968967727701,0.7825386636980105,2.002909470447547,0.8187812935470007,0.1374453530917266,0.1085585263776954,0.3613085557351928,25.0,3.0,1.0132599290576665,5.526810202920412,0.12826349521613548,41.919356002991705,92.66874363693177,0.7433333333333332
1.0000000001,0.0,0.1,3.0,1.0,0.8,8.0,0.987148452775734,1.922202932083578,50.0,6.724175657344884,0.0,1.5,0.5,0.8,5.0,2.0,5.0,0.0,0.0,1.845450504746584,0.3,15.0,1.0,3.0,20.0,0.1,0.0,200.0,0.6266666666666666
1.0,2.0,0.1,7.479957688108198,0.9443529415400148,0.2,4.236930614748909,0.8,3.0,105.0,15.0,0.5,0.5129776513024535,0.5361339088793676,0.8477318657635623,14.506582151683126,0.8448108399178358,5.0,0.8617122747455551,0.6879734408736249,1.632892131444874,0.3816851474398063,22.0,1.0,0.9310926200845844,7.806603137875091,0.3,0.0,133.6832227197392,0.7266666666666667
1.0000000000874405,1.0,0.4938302785459901,6.6601218329263085,0.8319556638051846,0.6130145973759744,7.982493034905004,0.9421315448896844,3.0,72.0,9.767803158265046,0.19927515253548947,1.066729461786188,0.6531554548386675,0.9175358011002605,5.091933463154359,0.6357122777483966,1.1464344160560505,2.0,0.0,0.3304931985512534,0.3879482181195005,20.0,2.0,2.860046283179269,20.0,0.2959449499081446,97.43256723090992,179.62454991829418,0.8033333333333335
1.0,1.0,0.4998315200255062,5.1759601538548825,0.9837782037037616,0.7633182636351186,4.524948545073539,0.899511149469916,2.6650498417937856,50.0,14.837931119227084,0.4695926681312202,0.7255690376177258,0.5,0.8182293947498038,11.289350475044222,0.8358580533877735,0.6069500989737582,2.0,0.9141756033817088,0.2076559056564405,0.5,25.0,1.0,1.884571155116843,20.0,0.21616448676578007,90.03447535063208,200.0,0.6133333333333333
1.0000000001,2.0,0.1,8.33431856018534,1.0,0.4687184122323842,5.486200188419518,0.8320414112072345,2.5337789835899365,72.0,5.0,0.5,0.5994474322408849,0.5992908585505702,0.9055014223000494,15.0,0.0,5.0,0.0,1.975585181011808,1.650803167554754,0.3845365032372704,15.0,1.0,0.5,18.87508297477281,0.18000507890952566,8.820467673078182,50.0,0.4866666666666667
1.0000000001,2.0,0.1,8.542950911445,1.0,0.6822140108176691,7.629380970799803,0.8202745441432405,2.00628223004135,50.0,5.0,0.05103044415791821,1.4506719095834697,0.9729824787126252,1.0,14.799957694777634,2.0,5.0,1.3773544183074922,0.0,2.0,0.5,22.0,1.0,2.1833662908028995,20.0,0.3,100.0,50.0,0.7266666666666667
1.000000000077251,2.0,0.5,8.200911223572604,0.9715353387941312,0.5534230510654812,6.449369851055541,0.8865386600543737,1.8215551870142723,97.0,10.591950038323953,0.3523598358069985,0.8391437955508112,0.8971133993631817,0.9109991075755496,6.6439888579737545,0.2577789340737669,0.2968969315728843,2.0,1.7461379149192766,0.932692682501754,0.4285961837988612,22.0,2.0,0.6808158292966717,18.6497575803905,0.19707563375764545,48.799650285862036,50.0,0.6700000000000002
1.0000000000998372,1.0,0.28928105954153593,6.9817914697225305,0.9264310826127258,0.6213532087484899,5.632856026617692,0.9185413002051692,2.3560684673278702,50.0,11.355251516183305,0.2690555280363913,1.4734543268128757,0.8552054873489092,0.9187401356549209,8.88849345820732,0.6574596933319586,4.4608123077656865,1.6710365809029033,0.08522322526146255,0.8475417980231903,0.3550867672783153,21.0,1.0,2.074187963266777,18.60847199095632,0.24008254576547985,100.0,108.45754381056065,0.7533333333333334
1.0000000000547176,0.0,0.3220946338938151,4.937281553356959,0.8889882573276593,0.3863883498785761,6.449425529386102,0.9977686000497104,1.0,104.0,10.637199034536305,0.0,1.3132807214706164,0.6374442417427078,1.0,5.944976340811699,2.0,1.1128332696034822,1.6907058193442432,0.6284304231442802,0.33757854916477603,0.3968200861538911,16.0,2.0,2.5395162725730294,10.77578451877218,0.10800177982641852,50.18802137275827,175.83662893170836,0.8633333333333333
1.0000000000568103,1.0,0.4587587268844852,7.743532008403696,0.9218086338061298,0.5636214412638549,5.492167323998183,0.9217751630492312,1.0,108.0,12.549395312157321,0.0,0.9826916533525664,0.9242807808999516,1.0,9.77251356747306,0.5384426798340711,3.714016488995787,1.3521483463351984,0.5793772643032563,1.2261566018457664,0.3328732516459473,18.0,3.0,0.5637510814873019,19.58420132092318,0.26990584791589,13.206952007136454,51.308530427157535,0.7433333333333332
1.0000000000948917,1.0,0.18263999447595608,5.725226139468091,0.9139926365775072,0.4474546311465178,7.03938110544909,0.9744014148181142,1.5499537979007396,72.0,7.999612538245446,0.07064628474828985,1.5,0.6276711888691593,1.0,6.610105696232012,2.0,1.4449516002121627,1.534196651656492,0.6821332482092384,0.6857441851664839,0.4446437500886749,17.0,1.0,3.0,10.237545441731783,0.1,100.0,154.9435612890009,0.8466666666666666
1.0000000000519185,0.0,0.17694001605173287,4.476213554823397,0.8115865894912976,0.5999728042299182,4.664255641303108,0.9624611139308172,2.8562904429300247,68.0,5.906715310317496,0.1712297809036647,1.3564280530178128,0.8613752724422815,0.9297605046827986,5.26745515179426,2.0,0.0,1.0806455150272327,0.5612312399428807,0.6358342422131075,0.3392057696895041,21.0,2.0,1.7359787992989228,10.944036089410961,0.2491003561570866,28.08726573738965,198.19108982251842,0.7966666666666667
1.000000000014332,2.0,0.5,4.6201988137596,0.9527589364810172,0.37571009211283946,6.975861239107211,0.8812152409029188,1.0,148.0,11.999028213712487,0.5,1.0859397789895784,0.5843903425238481,0.9496920644978568,13.58192141198174,2.0,2.192245592303101,1.675745272082501,0.6619495824497729,1.3194564684931969,0.4723027908096941,19.0,3.0,2.9479791180739885,6.028891239585318,0.14791822027052473,43.9859771416043,110.39744008013376,0.7433333333333334
1.0000000001,0.0,0.1,3.0,0.8516033238418285,0.2,4.167732181662069,0.9210592942021184,2.3696466245820567,87.0,9.003845086114412,0.3025720359529124,0.7509169434113694,1.0,1.0,5.0,0.8337799331319976,2.360340989225174,1.0220309840328219,0.947594809591832,1.9864915635597704,0.5,15.0,1.0,3.0,18.109824715085093,0.3,78.76754500349918,200.0,0.8533333333333332
1.0,0.0,0.1,3.0,0.8,0.2,5.436330005860169,1.0,3.0,111.0,12.4486621629093,0.0,0.8588306109236556,0.7568697949800107,1.0,5.0,2.0,0.0,2.0,0.0,0.0,0.3,15.0,3.0,3.0,20.0,0.2864159250714509,0.0,200.0,0.8033333333333335
1.0000000000170195,1.0,0.4095111070638627,4.061622616073814,0.9507047829696398,0.5815250498204045,4.1710088733899,0.931551733413466,2.099404201699117,80.0,7.467828470059531,0.3141172353984309,0.7155690097043514,0.6125186024034484,1.0,5.0,2.0,3.2328474435550705,1.1605885139221723,0.8841936523077183,0.0,0.3,22.0,2.0,0.5,7.816221374852293,0.1,100.0,200.0,0.6966666666666669
1.000000000041327,2.0,0.3567184465445577,5.6627154278719445,0.8902941249686526,0.7032494240982561,5.72133412371342,0.8838772179251355,3.0,103.0,5.256478369056233,0.5,1.5,0.6644318871843697,1.0,8.965837735343582,0.6891975898651329,0.0,1.6982657666320764,0.02403673658594517,1.0369034933682704,0.4622442806493922,18.0,1.0,3.0,7.567579105489504,0.2116949910325177,38.66950258708841,84.51839310098532,0.72
1.0000000000778873,0.0,0.2985611453494528,6.4095545527138125,0.8394395829851965,0.3676843849736979,6.488047797617581,1.0,1.1566931251539092,93.0,10.750797440819532,0.0,1.5,0.7278972559222563,1.0,5.835707052398805,1.9959021934870813,0.8964300856518442,1.8084050272747068,0.8401430196688083,0.2770133664207541,0.4306982031200939,16.0,2.0,2.370168826899961,11.199332214241377,0.15705371663400414,67.45308817576165,165.13170621907759,0.8633333333333333
1.0000000000209186,0.0,0.3201136765615561,8.105711093865388,0.9357594853950336,0.4547620178926786,8.0,0.9773323820986768,1.7979196660774008,97.0,9.358559660999363,0.0,1.5,0.6901434208504099,0.9831624857797056,8.925350201752694,1.891727071075581,0.0,0.2624397072541143,1.6401572746899034,0.7716757303786481,0.3291389458629341,15.0,1.0,1.1956286811778634,15.518092496452935,0.2291240297779392,100.0,191.84699790653912,0.84
1.0000000000194904,0.0,0.10709904787171558,5.010947934307687,0.8414255575012275,0.2,7.963161262881553,0.9309185902820808,2.800874694707396,109.0,9.064198021417614,0.0,1.4495473291396808,0.5543979593573695,1.0,10.275753949365956,1.7548960325743348,0.0,1.990875526251645,1.732807243235826,1.5426876895632469,0.4711930345199361,18.0,2.0,3.0,5.0,0.21343711710459806,55.13522071734501,182.22902679554505,0.8566666666666666
1.0000000000420899,1.0,0.35441349518367504,4.922239450561305,1.0,0.3618449445585602,8.0,0.8641773369740704,1.0123556629506738,150.0,11.139133642331343,0.0,1.398486603780769,0.6846325257782073,0.985586520720666,11.658066065828445,1.9977969959281328,0.0,1.4905773865853589,1.245035832934677,1.7687690814576027,0.5,15.0,1.0,3.0,5.0,0.11790226729195027,42.264589658444855,158.79740049879683,0.8366666666666667
1.0000000001,1.0,0.1,6.329931456297362,0.8016334485648304,0.2,8.0,0.8763490223466706,1.0,50.0,8.235132042393909,0.0,1.4997851423613913,0.6808003277925013,1.0,11.976880060989707,1.3219413486573923,5.0,2.0,1.2441828424971093,1.8822811144615383,0.5,15.0,2.0,3.0,17.098231687379048,0.17402972332548122,64.39337414126595,51.26793140514325,0.89
1.000000000075639,0.0,0.35854346679453275,3.2736141169291706,0.9097207209216259,0.2840001787681989,8.0,0.9668781846966676,2.1743380524188085,57.0,6.958945879487485,0.0,0.5682575083439819,0.92489892448329,1.0,5.0,1.4987053319788133,3.5428054318822744,0.939513417491997,1.9901972413136093,1.98027483332558,0.3693333014883508,15.0,2.0,1.9944415828074784,8.754539679926587,0.2840845020220953,8.625809659148475,108.86142789327448,0.8
1.0000000001,1.0,0.1,5.9684498110783935,0.8,0.2,8.0,0.9707180654910535,1.5892717388089248,50.0,7.5510682458734735,0.0,1.5,0.5879724119998471,1.0,6.613862392865645,1.218999612755206,3.937169743003005,2.0,1.1001934360201988,1.8068534077560283,0.5,17.0,2.0,3.0,20.0,0.1652858557158551,100.0,137.01275750923548,0.86
1.0000000000787943,1.0,0.5,6.4788643741116205,0.8807271907784829,0.3723513394522806,4.5805746350078005,0.8400097812055682,1.122048212842875,98.0,7.162250698111388,0.09298311413216973,1.5,0.861452019373149,1.0,8.172411577356975,1.4927191776559992,0.0,1.6294998877173348,0.0520936154724364,0.5001713944092396,0.4029453909402022,15.0,1.0,3.0,5.4625120126227165,0.12436915991762013,61.68150722721426,137.28765756608604,0.7700000000000001
1.0000000000105402,1.0,0.1,6.961361321617208,0.8,0.2,4.409583208869415,1.0,2.689885064948516,121.0,12.980724182688228,0.5,0.7297841237985551,0.5373262290916476,1.0,15.0,1.1221969806802417,0.0,1.9386548443914216,0.0,0.0,0.43240430505114863,16.0,3.0,1.4237588503748908,8.9964421378216,0.1,36.27443839685206,169.66873673916368,0.8266666666666665
1.0000000000916678,2.0,0.1,7.845227462500329,0.8041417169273293,0.2548278002065221,7.479184092429966,0.9820649398595914,1.0,70.0,13.899120885680075,0.047536792214258494,1.4445538207049107,0.8079635299591672,0.9999921485024016,10.997133528560123,1.6817338882534092,0.6721670262200379,0.502037583102136,0.9819793775348296,0.9647857266905354,0.3797190328658298,15.0,1.0,3.0,8.282355857481445,0.12720895230419993,87.43263067387431,76.39864475429364,0.8666666666666666
1.0000000000511948,1.0,0.1,5.180244489592528,0.8962389075078234,0.2,6.57714368157993,0.8,1.0,123.0,11.629296059188983,0.0,1.5,0.7332281830809451,1.0,12.994884608191546,1.3845839515279352,1.599806311208937,1.5489133131696966,2.0,1.9003967705631388,0.4686128079167164,15.0,1.0,3.0,16.308759408466152,0.15062229715986958,97.18213546440342,175.51092390386106,0.8266666666666665
1.0000000000948162,0.0,0.5,3.0,0.9928894898430556,0.8,4.0,1.0,2.2806227569026603,50.0,15.0,0.12921044584023728,0.5,0.5,0.9504435200837268,15.0,2.0,5.0,1.9236227296536323,2.0,1.8432287094708504,0.5,24.0,3.0,3.0,15.148560792214491,0.17678313344091365,12.635477256731608,50.0,0.4533333333333333
1.0000000000337967,1.0,0.1,6.52793896898983,0.8,0.3907199936828047,7.5006157224368994,0.8889738075015327,1.0,93.0,5.0,0.0,0.7660932929616706,0.7168545361345025,0.9101901212444372,12.73361394918638,1.7998552798765544,3.3128911846054674,0.3756699487186014,0.5872776828643845,0.32408941852643924,0.3485445963193443,23.0,1.0,2.082456850250903,20.0,0.24546385353125424,39.14571465804681,103.81049583110192,0.8733333333333333
1.0000000000280942,1.0,0.1,8.863612340395177,0.8,0.5896134160972608,6.863740201951844,0.9106254215441212,2.7691116862768714,50.0,8.887577497167712,0.06515176865841002,1.1192221291177549,0.8256797783847559,0.9377003666756624,7.958116195047048,0.5342137295020014,2.437728077493653,1.255603990493075,0.1294436643816636,0.8686349730782796,0.4861431028002951,22.0,1.0,1.6695497051199686,20.0,0.27511407393581105,100.0,200.0,0.8566666666666666
1.0000000001,0.0,0.1,5.435185433536058,0.8,0.2018510550937221,8.0,0.9396271460933712,1.0,50.0,5.0,0.11354787046429506,1.5,1.0,1.0,7.238118119045904,1.197931162385797,5.0,2.0,1.0547043037261448,1.2462546485818582,0.4830316516968386,15.0,2.0,3.0,20.0,0.3,88.2965676874485,50.0,0.8833333333333334
1.0000000000823246,1.0,0.1,7.204029997233768,0.8,0.42736814983052185,8.0,0.8905525014950957,1.3627204445043042,139.0,5.0,0.0,1.5,0.7920266972956627,1.0,9.101851131923489,1.814980652845233,5.0,0.6528660336328386,1.7830371146347264,0.8743260119501184,0.3885439548536623,18.0,3.0,2.2133039039246007,17.89925926280535,0.2862963301164335,14.642485724072948,200.0,0.8966666666666667
1.0000000001,2.0,0.1,5.344460660910271,0.8,0.4035463776641448,7.265422415466326,0.8811117893927034,1.4038262169332043,126.0,5.0,0.0,1.5,1.0,0.91353853519789,5.0,1.8226533981724296,4.995091245975778,0.5338600561195945,1.1778299356977189,1.2730908678313084,0.4845402511272071,21.0,3.0,0.5,5.0,0.1933375654795335,14.55599452564013,100.21958111203465,0.7866666666666667
1.0000000000882006,2.0,0.1,8.921429774798618,0.8,0.8,6.094933705234858,0.9734997184522342,1.7292205782302188,121.0,12.999846618751787,0.0,1.3573630834064658,0.7290218778080303,0.992649380221921,14.268130631773033,0.3358986973969729,2.77294703734508,0.9131502272343008,1.5691397728097711,0.33031713104579324,0.4964243110981626,17.0,3.0,3.0,8.84497400142774,0.13613778731029072,1.3421179415589068,200.0,0.7700000000000001
1.0000000000777425,1.0,0.1,8.486630998788055,0.8,0.4577614454219492,6.692254105690289,0.909087890972127,1.7701253087082462,91.0,8.129613751596795,0.0,1.4678616795909245,0.8677659376988932,0.914385210423322,13.008622695776264,0.5981915000454288,2.3019435620994417,0.32983193755379325,0.33564858223436145,0.40965109055339904,0.4656959016287452,21.0,2.0,3.0,15.720311647965536,0.2832676379958926,100.0,200.0,0.8500000000000001
1.0000000000019271,0.0,0.1,5.311160697037167,0.8,0.4950499814088452,6.1108145460161545,0.8776106047710739,2.6253980366263754,114.0,12.75447287678039,0.0,0.6844215283174141,0.5711806317279804,1.0,14.73522546072495,1.6191120054356198,3.4966578977568648,0.38096277344967183,2.0,1.930023615000812,0.364623587047276,19.0,1.0,3.0,15.518898095822045,0.2604414658244603,39.477295098637015,200.0,0.84
1.0000000000127731,0.0,0.1,7.187642337381715,0.9252392934456068,0.40729762353538895,8.0,0.9338505781313508,1.641437390248411,72.0,5.0,0.3076745042470144,1.3112379559621332,0.8728041660241952,1.0,14.498096094444039,1.8594136648508484,3.209735254689331,0.4910209074154021,1.1430707937693028,0.2921290281402539,0.4045246339181285,18.0,2.0,3.0,17.11839428076188,0.19006680012630392,0.0,200.0,0.8400000000000002
1.0000000000685432,1.0,0.1,3.4043326378043908,0.8,0.3187388429518426,7.303616724035248,0.8724334797069315,2.6285763823867274,60.0,5.0,0.5,1.108236733691048,0.9603299054429888,1.0,14.796754956955533,0.7673412084210852,1.7348480741351198,1.6293360272809323,1.6827824159964355,0.7354344091847925,0.3871227313007682,16.0,2.0,3.0,20.0,0.2374855300868106,89.34788795159334,50.0,0.7766666666666666
1.00000000006958,0.0,0.1,6.205422208001249,0.8,0.4026445300536721,8.0,1.0,1.7536798099869857,78.0,9.808853283985837,0.0,0.9539338794377744,0.5245086219909777,1.0,7.634202457466393,1.9700152943883416,0.5918719903302085,1.6421636516093223,1.5003747387239523,1.396539608494172,0.3,15.0,2.0,3.0,20.0,0.3,54.402645181562434,175.99434121190342,0.8533333333333333
1.0000000000673597,0.0,0.1,9.0,0.8,0.5896979019660549,6.889915940115267,0.8737289407584387,2.0151749511873494,67.0,5.0,0.0,1.38181274409663,0.9911944071209879,1.0,7.509574053753383,0.9062237466384458,4.337657153260191,1.5234650400389236,0.8984566984639116,0.536106751047493,0.41490464638097263,19.0,3.0,3.0,18.447023162457455,0.3,95.96964506934648,200.0,0.83
1.0000000000839122,1.0,0.1,9.0,0.8,0.21855613564321752,7.055126064048285,1.0,1.644294049512288,84.0,12.670022248162873,0.0,1.036102701530444,0.5826712826207592,1.0,12.286613588342993,1.5770267359028742,5.0,0.8470875127358986,0.0681010047666141,0.0,0.35850905052838195,23.0,1.0,0.5731804735895225,14.600416712425602,0.2513161112554156,25.27458733396574,50.0,0.7333333333333334
1.0000000001,2.0,0.11266185366831387,9.0,0.8,0.3468132187841312,8.0,0.8,1.0,150.0,5.0,0.0,1.5,0.821018027193988,1.0,8.632655859383465,1.9020792603520884,5.0,0.2157795337794816,1.781764174652251,0.6823635867644465,0.5,19.0,3.0,0.8443773515910511,6.443939898944304,0.2073718808400873,0.0,176.97910001029987,0.9166666666666664
1.0000000001,2.0,0.15197503478794688,9.0,0.8,0.6071361257050738,8.0,0.8,1.0,150.0,8.90868616509237,0.0,1.5,0.6041751736754173,1.0,13.485346514890626,1.9934545265347965,5.0,1.6577990710167458,1.8050565485770504,2.0,0.5,20.0,3.0,1.7703600992304658,5.0,0.18005698451891605,0.0,84.77223661546212,0.8133333333333331
1.0000000000549016,0.0,0.1,9.0,0.8,0.2,7.498812620721727,0.8,1.0,142.0,5.0,0.0,1.5,1.0,0.8,5.0,2.0,0.0,0.0,0.0,0.0,0.3,25.0,1.0,1.5111094133410097,20.0,0.3,100.0,200.0,0.8866666666666667
1.0000000000915088,1.0,0.1,9.0,0.8,0.34450023309987354,6.08955102964979,0.8062637905274886,1.4459810542537093,121.0,5.0,0.0,0.9022814914343528,0.6923964627507339,1.0,8.616269057662599,1.9165526027097959,4.565176058273951,0.3008437275903415,1.5401866413260183,0.4921616519346048,0.5,18.0,2.0,1.2182958437785882,5.0,0.1,34.67162336599039,200.0,0.8500000000000001
1.0000000000819884,1.0,0.1,9.0,0.8,0.2,8.0,0.8706888114643571,1.0,139.0,5.0,0.0,0.6306581638152327,0.6885358478673432,1.0,14.268818936625378,1.7098875894191636,4.558781971451164,1.594383645580407,1.8304905114625345,0.2110648569721537,0.5,23.0,1.0,2.861886392116831,14.18291150196295,0.2028950551369884,71.12934534786696,50.0,0.8066666666666665
1.0000000000918912,1.0,0.1,3.4969434176877443,0.8,0.2,8.0,0.9072092723025518,1.0,126.0,6.856339145172129,0.0,1.2370788949358704,0.9489161919342184,1.0,8.742432914253822,0.7581139640716251,3.252233169683657,0.42604960018697496,1.3824317831330892,0.28377130487677,0.4647383425106035,23.0,1.0,0.8950825993453435,20.0,0.3,5.549269144273518,200.0,0.8766666666666668
1.0000000000132052,2.0,0.1,8.66148973301242,0.8,0.2,8.0,0.8653008233261429,1.0,99.0,5.379196847625461,0.0,0.5934341213748952,0.7262447989610414,0.9345809072523384,8.738117395297934,1.8929561802591093,0.06232229820462705,0.24337473213413816,1.0512041597952904,0.7863858874531168,0.4604674749432924,25.0,2.0,2.5193705998902405,20.0,0.18720165969229424,100.0,200.0,0.8833333333333334
1.0000000000406866,2.0,0.10759310217198433,7.316642536868493,0.8,0.2897541090811855,8.0,0.9764830387032336,1.0,78.0,5.0,0.20103705908763086,1.2203300610286003,0.9205249912824012,1.0,14.353791431905599,1.9244260279886825,1.8784313573754798,0.4946440985316752,1.1121456053702907,0.17243235458821224,0.4961374162548453,20.0,2.0,2.5318404389354603,10.56522178435014,0.3,68.56373033810286,200.0,0.8833333333333334
1.0000000000013571,1.0,0.1,4.490863564847643,0.8,0.2,8.0,0.8444507947355251,1.0,76.0,5.277659071458639,0.0,1.4215566200580136,0.5807893140640404,0.8282020296724123,8.939728542810958,1.5806998348446548,2.2399938479173414,0.5259565255104967,0.6406487241750329,0.17177590770176224,0.4719700032555569,25.0,2.0,1.182402210415167,20.0,0.2668184061521256,73.40097236384837,146.51259937028573,0.86
1.0000000000312754,2.0,0.1,7.697879948836185,0.8,0.2,8.0,0.9365507935320868,1.0,105.0,14.426801447950744,0.0,1.5,0.8794552993471523,1.0,8.963050444384951,1.8546396238078544,1.6331916636621335,0.5656457404670798,0.2563463050132108,1.0287390260370095,0.34160754940977484,19.0,3.0,2.570547298515921,20.0,0.20587028333423352,37.49958712564131,149.99840219282694,0.8966666666666668
1.0000000000566192,1.0,0.5,4.514805371850444,0.8329851802399302,0.2,8.0,0.8939224649159543,1.0,50.0,13.030949627548615,0.17364262965860333,0.9961297836807892,0.9054160434371892,1.0,5.887690679184033,0.7322739535232354,0.7935337326562926,0.056146458324127256,0.0,1.2830954176242184,0.3756572515242914,22.0,1.0,1.6299099949547189,5.438732762399427,0.17979824657697602,50.546457621314794,200.0,0.7733333333333333
1.0,0.0,0.1,9.0,0.8,0.2,8.0,0.8,1.0,150.0,5.0,0.5,0.5,0.5412043946362669,0.8,15.0,2.0,1.1217857999669638,1.023182892676419,0.2508774132870025,0.0,0.3,25.0,1.0,3.0,20.0,0.3,52.8841118417921,50.0,0.7766666666666666
1.0000000000633014,1.0,0.3199461013149694,7.523878070469036,0.8,0.2,8.0,0.9103437495430128,1.0,150.0,5.0,0.14643148914741885,0.7671072614145696,0.6785779806604222,1.0,5.6826124665442,1.928115615145752,2.8370191545109904,0.1974633615695877,0.7618327390309616,0.19123849054254666,0.34098552271358706,18.0,2.0,2.22568863303958,20.0,0.2946131720494502,91.3049754443161,138.79874983040187,0.8666666666666667
1.0000000000593583,1.0,0.1,4.2687912439721485,0.8,0.347976667224614,8.0,0.8373708933535614,1.837275001616148,130.0,9.237615817603308,0.2800936638268716,0.7675026341663591,0.6516254770208965,1.0,11.318388215514414,1.8683722244326688,1.0129155040861422,1.0151644815657437,0.8240715976972959,1.8603086878214727,0.4590931412839501,22.0,2.0,1.5347099596862632,13.576098319436744,0.15377125582247075,56.9375798455473,173.08006559043167,0.88
1.0000000000960774,0.0,0.1,8.477643380383919,0.8,0.3462465927143391,8.0,0.9956863086957172,1.0,97.0,10.214784266522374,0.4645801177644439,1.5,0.7500112725873433,0.8383512231879641,8.254072486123942,1.7723283931973486,3.83800352075104,1.7974707877631249,0.02890966825502893,1.3377611273743408,0.4874707010741342,17.0,1.0,1.3686775484837217,19.570007641125237,0.2684174081374197,39.74887404204321,180.9565924147829,0.8733333333333334
1.0000000000765503,2.0,0.1,8.249644491152889,0.8,0.5078498214231923,8.0,0.9755398035836448,1.0,100.0,10.495958586737363,0.0,1.5,0.7922043411901378,1.0,12.087595139366432,0.7961060866182108,1.0123416554366125,0.4574172560475576,0.4691305499422835,1.2975088360826352,0.4075108822212714,15.0,3.0,0.5,19.88505756444831,0.2708035398058164,48.079104111522206,200.0,0.8966666666666666
1.0000000000794371,1.0,0.1,8.844788966616154,0.8,0.2518960851151642,8.0,0.9495333035561372,1.0,60.0,10.415491282128931,0.08493349492117543,1.5,0.7916976462826646,0.9431535009040221,5.0,1.92928853729224,2.2605126356525336,0.5416881330389641,0.8687792547133634,0.9983011462106676,0.35488798961588186,16.0,3.0,1.1331428085438908,6.9375379796470185,0.19946221404819486,55.43299941813207,200.0,0.8866666666666667
1.0000000000458888,1.0,0.15790887707060636,6.306760596197994,0.8,0.3883819065414384,8.0,0.8476708070167198,1.0,80.0,12.201920114668429,0.04968575889473245,1.5,0.70821262873908,1.0,9.009896128660497,1.7770912647378487,1.661204217224985,1.859017262656576,0.4610487399093551,0.6983450527723228,0.33576358673406753,25.0,1.0,2.092225260254121,9.937267664202734,0.1071464621398032,47.87727563006934,161.78676822365938,0.8566666666666666
1.0000000000267353,2.0,0.1,6.593881818848348,0.8,0.2351318730442885,8.0,0.8,1.0,138.0,12.150978854094346,0.4177126317392268,1.5,0.7924033214700908,0.9617730274310684,9.84990933138772,1.8070460256349183,2.8235888545444023,0.3696526113526525,0.16149263955758644,1.0300338314144952,0.4798229875641445,21.0,2.0,2.088682766674701,20.0,0.3,42.67231845276602,149.94366265947656,0.8833333333333333
1.0000000001,1.0,0.1,6.894988536399052,0.8,0.28299954430169594,8.0,0.8464440570561435,1.0,85.0,10.949007154809639,0.32971964227357203,1.5,0.7476744302336551,1.0,12.317090244593437,2.0,0.0,0.13053655699671785,0.0917730720841969,2.0,0.4524572894319325,15.0,1.0,1.9410337606393608,13.781495222108054,0.2550552789921945,24.82283840719964,200.0,0.9066666666666666
1.000000000095503,1.0,0.1,6.628277276388488,0.8,0.2823001826153216,8.0,0.9241138838030388,1.0,150.0,5.291620294037769,0.2575244790016156,1.5,0.8194530796450048,1.0,5.0,2.0,0.0,0.3701373681593422,0.16874277787290748,1.2059671651240342,0.4037719398066067,18.0,1.0,1.700760251832667,11.282134842744632,0.21360594311438147,37.7961067564615,200.0,0.8966666666666666
1.0000000001,1.0,0.24143234601412145,3.6313918462186647,0.8868929029349182,0.2,8.0,0.9115183462585936,2.7046664545485983,104.0,9.666642777889738,0.0,1.5,0.7389058630682727,0.9650135961582176,15.0,2.0,2.7554333224751075,0.0,0.13912618462105986,1.1412943805115852,0.4167011974050142,15.0,2.0,3.0,20.0,0.28761206867491096,0.0,169.69343337136752,0.82
1.0000000000342704,0.0,0.1,7.880057856503305,0.884028811508506,0.2,5.472055011310658,0.9019868250530536,1.0,60.0,13.222680161437365,0.0,1.3148709059258352,0.8393750216383056,0.9014991121413499,13.834915131664175,1.9667548130379733,0.6434274778115766,0.009409896249396824,0.0,0.4211576665873577,0.4319420336492137,15.0,3.0,2.3213441937228505,12.421499289442416,0.13540238984305092,68.37598517588604,200.0,0.7766666666666666
1.0000000000269689,2.0,0.1307556348307639,4.5178409774689925,0.8,0.6301944210497565,8.0,0.8,1.0,149.0,13.954122895888764,0.0,1.4038106757735431,0.9996498779528123,1.0,9.036470285868043,1.8572264818559088,0.8030362924515426,1.2874921092261786,0.8002181890902711,1.5462682598011672,0.4695440258427084,15.0,1.0,2.440206968856666,9.950712862467325,0.11894853049947166,31.571901290160106,185.74137417873527,0.7333333333333334
1.0000000000726412,1.0,0.1,5.4886183007775475,0.8,0.3723745473992371,8.0,0.9649265602382427,1.6113874988868098,51.0,10.781084693381656,0.3097815036681629,1.2485818616595687,0.6585416296828477,0.8971774597724848,8.756566078507454,1.9894530020180543,2.356121243448708,0.0,1.658983735116236,0.637822109063798,0.3788703674540049,15.0,3.0,0.6771088215580457,11.470740254133437,0.1233308069547813,86.71499619409477,200.0,0.8933333333333334
1.0000000000796916,1.0,0.1,5.732934818812562,0.8,0.2,8.0,0.8,1.649249137776123,97.0,5.0,0.0,0.9709428172659113,0.7801830443112908,0.9971012442383652,11.530025513440325,1.209520522860212,0.0,0.6436163864263245,1.304082967630124,1.8143239891224827,0.4415090622583617,15.0,2.0,2.2706329107494816,17.473494505521632,0.3,0.0,200.0,0.8766666666666667
1.0000000000194686,1.0,0.1,9.0,0.8,0.5598922153665713,8.0,0.8600569271914101,1.0,85.0,7.622065167531175,0.058278869864988175,0.7680277432617001,0.7351658683257218,1.0,10.386896804161752,0.9617942477719008,4.074229481558314,0.17084038449712774,1.0269731266628728,0.410716536913483,0.3909251403645079,15.0,3.0,0.8047243024462791,10.147972823949935,0.3,4.268673724851274,200.0,0.83
1.0000000000929796,2.0,0.1,9.0,0.8,0.3122978094966882,8.0,0.8300851742344798,1.3069330015730558,115.0,5.0,0.05560216330065622,1.162552335222114,0.8531531950742428,0.9461737258126764,9.987750053548606,1.9745330317679752,3.527569216081609,0.9925593471633362,0.9656262468537872,2.0,0.4758556257871577,15.0,2.0,2.00510676804237,20.0,0.22871683331038226,51.302395018868026,200.0,0.8666666666666666
1.000000000093758,1.0,0.2509252600385499,9.0,0.8,0.2,8.0,0.9617731930020228,1.0705653065164096,89.0,13.038674324121681,0.4501538704575235,1.5,0.8810871389239012,1.0,7.435431495455543,1.9027748410827443,4.077013527336247,1.532764554474096,0.1704505616320884,1.9407713963063729,0.4563062253735265,25.0,2.0,2.453776617591945,12.672708896422147,0.2227155096790855,0.0,200.0,0.8233333333333333
1.0000000000672762,1.0,0.1,8.32032297840353,0.8,0.4278706226192808,8.0,0.9943666296104828,1.0,126.0,9.47829811176392,0.0,0.5335319146513017,0.7867291890394863,0.9910623028368388,9.083975849008759,0.6934656422967499,4.360986534211014,2.0,0.3538908915806637,1.3381150212377628,0.4889968075013183,15.0,3.0,1.0035095753938374,20.0,0.2367719648109388,25.686598301190767,200.0,0.8466666666666666
1.000000000014163,0.0,0.1,6.271653845990223,0.8,0.3414646372584901,8.0,0.8779592961840199,2.38454155087515,150.0,5.0,0.0,1.5,0.6865900578421071,0.8861769379378454,5.0,1.9533567875589188,0.0,1.8615790129860648,0.7973502444655455,0.2109753895254753,0.3300818191974408,15.0,2.0,0.5868072544097629,8.462450669647016,0.1708760159547109,47.17196702059979,200.0,0.8600000000000001
1.0000000000580531,2.0,0.1,7.491658491933025,0.8,0.34201522236211523,8.0,0.9615715120782936,1.0,133.0,11.998600562422347,0.0,1.5,0.7629260459717531,1.0,10.35564121381506,1.961544943787637,0.1817816184404508,1.780979937407314,1.2887260608800126,0.14270684149005494,0.4401489085177601,21.0,2.0,2.1048202240446416,18.49449185613884,0.2507681519781864,4.406041203003388,200.0,0.8733333333333333
1.000000000013877,1.0,0.1,9.0,0.8,0.5394659456706332,8.0,0.8591656997742452,1.4872332807377016,114.0,6.489795836268097,0.0,1.5,0.7269254392043794,0.8792781916550609,7.241838118458909,0.7664289825762359,1.9827489808648453,2.0,1.5203213900725263,0.13725364710472554,0.5,24.0,1.0,1.0509865998458328,8.173181254285907,0.12797206029867364,86.22058759842541,200.0,0.8533333333333333
1.0000000000351943,1.0,0.1,7.032251811323984,0.8,0.3898834184697669,8.0,0.8434624731641432,1.9883049877509549,107.0,11.568538811639895,0.13449228694662393,1.5,0.7212559104534978,1.0,5.0,2.0,3.784914487010101,0.0,1.302349613947144,0.17764323267420756,0.4891333506093979,21.0,2.0,3.0,13.729118989748395,0.2230745133557169,41.34318673889641,200.0,0.8933333333333333
1.0000000000902205,1.0,0.14556773614423413,4.562342084203864,0.8,0.33575567082868074,8.0,0.9032032908383156,2.1848832014945274,89.0,9.704630447977179,0.20907861424519525,1.5,0.6445652961199829,1.0,5.0,1.8987504730750888,3.239954555110657,0.0,1.4667327130214585,2.0,0.4432531234266893,15.0,3.0,1.2669536361713445,11.376407935716198,0.15828102935911895,67.45241852002508,198.5275399414262,0.8366666666666667
1.0000000000094071,2.0,0.1,9.0,0.8,0.2,8.0,0.9177945605820548,1.0,127.0,14.666400594283063,0.0,1.5,1.0,0.8813547052396854,12.700349886117365,1.020447913992758,1.2004270470672915,0.0,1.2086618613516642,2.0,0.3763352739568507,22.0,1.0,2.281863795553294,9.084959149789043,0.2609865758835489,98.05089656867916,200.0,0.86
1.0000000000949931,1.0,0.1,8.672510534448403,0.8,0.3989764336532017,8.0,0.9344088932894764,1.0,83.0,6.2436824267628666,0.011847927365519055,1.1408047341821157,0.8246966384925692,0.9017283049986118,14.077772450085227,1.8828761756176,0.0,0.0,1.1253016771696274,1.3825258174421469,0.3638061982170869,18.0,2.0,1.847421665861776,9.980832259985752,0.3,12.633824347232034,179.9388227369648,0.86
1.0000000000916556,0.0,0.1,8.470919592530425,0.8,0.3682049030754824,8.0,0.8,2.5929036355620023,100.0,11.239809423223882,0.033186819466094857,1.4763907359508748,0.9910531390841084,0.9109127261522336,8.304390734611566,1.8453119988990565,4.61984119963602,0.0,2.0,1.6940762564107117,0.34604764701700863,17.0,2.0,1.4167618993771525,18.362990586497585,0.11961929279639248,64.60141593622933,119.94829758736738,0.8633333333333334
1.000000000096129,0.0,0.1,5.060681066534162,0.8,0.2823486410873851,8.0,0.8592535393450675,1.0,140.0,9.6852234144881,0.41763357128989226,1.0549388147269814,0.9580736809260618,0.8551066009867312,12.039692965597837,2.0,0.6921078621900113,0.0,1.5374862079182279,0.6254944711606067,0.5,20.0,3.0,1.5758312844598004,13.831574603300991,0.1,58.41103403226556,200.0,0.88
1.0000000000921532,1.0,0.1,8.03276849256118,0.8,0.2995578550534496,8.0,0.9558130559888148,1.0,80.0,5.0,0.1521222372798912,1.5,0.5,0.9983549728038488,6.215761956531912,2.0,2.854907789712713,0.0,2.0,2.0,0.4381367598296191,23.0,3.0,2.4395088226144592,16.774341464877956,0.1,36.72501775315384,200.0,0.8666666666666666
1.0000000000010956,0.0,0.11415628061033485,5.406028806325091,0.8,0.20796872316794154,8.0,0.8789613727922365,1.0,95.0,5.0,0.1796271090010871,0.5838683759315829,0.7006352406779894,0.9586775996587821,13.046057884196514,2.0,0.14395729575750016,0.0,2.0,0.8201842631187485,0.34314121039268153,21.0,1.0,2.6181335087228352,18.309714430443037,0.27351204101066984,1.556506371939286,200.0,0.9033333333333332
1.0000000000671505,2.0,0.1,4.4497579198531385,0.8,0.2247529575461107,8.0,1.0,1.0,113.0,5.0,0.18875084485332905,0.5,0.5,0.939329288827314,15.0,1.7856738219270365,4.119973754058482,0.0,0.938056721299132,1.1865604356666983,0.3626289158783985,21.0,3.0,1.7152505974953691,5.0,0.14722032451354702,3.0997029453428735,200.0,0.8533333333333333
1.0000000000767575,1.0,0.1,9.0,0.8,0.3738541285588858,7.973621036943966,0.8501678984145414,1.0,113.0,6.310553451467396,0.28047819035483434,0.7930026667277525,0.8099393713456681,1.0,15.0,1.9582459785385369,4.626779371092995,1.6241118780439754,0.9856499000256131,0.0,0.3625514126166716,19.0,1.0,0.5,19.34427977720004,0.13617286888468247,39.44923599839103,188.09008546675065,0.89
1.000000000030111,0.0,0.1,9.0,0.8,0.530516745513232,8.0,0.932681271826929,1.5820408462194009,116.0,5.0,0.0,1.2109316088496285,1.0,1.0,5.0,2.0,0.0,0.0,0.36419797593588055,1.0187258474601135,0.4585686825132853,21.0,1.0,2.106757049902547,20.0,0.18386806837907554,100.0,200.0,0.8466666666666667
1.0000000000291749,0.0,0.17425554588219355,5.127746079511367,0.8974585819956888,0.2918133449063838,7.437179490976156,0.9907393828393902,1.1689107281818785,58.0,8.557257414086344,0.0,1.5,0.6469497280977283,1.0,7.538661199246572,2.0,5.0,0.0,2.0,1.7512212987498603,0.3601075946889845,21.0,2.0,3.0,20.0,0.3,14.794376919871304,126.00490489038212,0.8266666666666665
1.00000000005602,2.0,0.1,5.408657760147897,0.8,0.2,8.0,0.843183593591197,1.952800705645248,144.0,5.0,0.4619988966363122,0.5703098587971688,1.0,1.0,9.343865513968812,1.2616275882947134,3.9558480629362167,1.5687427967367829,1.9295104900189632,1.100440260562896,0.473025903247417,15.0,2.0,1.366603582655033,12.404672232657163,0.2498129432053641,100.0,200.0,0.86
1.0000000000197198,1.0,0.1,3.0,0.8,0.2,8.0,0.992334125445288,1.0,85.0,8.743531193915086,0.11873753632888424,0.9655900925382948,0.6456742770213069,1.0,11.584568463244569,1.0633600523296975,0.2683464194297219,1.1884490165299295,0.3163047534352689,1.6539649718690712,0.3853665398289933,25.0,1.0,2.861660438559426,19.72303998639552,0.1368822455160427,2.8530547025596995,200.0,0.8333333333333333
1.0000000000474536,1.0,0.1,9.0,0.8,0.5941750069381224,4.423215899879227,0.9271683138200146,1.0,140.0,11.553008775100635,0.0,0.8476706320177656,0.9920501431487592,1.0,8.836219577892079,1.6035455159395926,0.0,0.0,1.9093108913876249,0.6779446829708068,0.4397481974845717,18.0,2.0,0.8011527963589196,18.43202988857884,0.2876861257266025,20.429767074104703,200.0,0.86
1.0000000001,1.0,0.1,9.0,0.8,0.8,8.0,0.8834389780316763,1.0,123.0,13.771832419504182,0.2319265674130573,1.5,0.5908474366010695,1.0,8.364030456441487,0.7555143075677649,0.0,0.7111575015801308,0.9204183910960064,2.0,0.4525511338474258,21.0,2.0,1.1808562717171749,15.286856629485145,0.3,100.0,50.0,0.72
1.0000000000208544,1.0,0.1,5.9829210311423395,0.8,0.2,8.0,0.9149057093241132,1.0,78.0,5.0,0.06861912176375339,0.5875566503373308,1.0,1.0,5.597097483351388,2.0,2.4177167684289604,1.185552211471335,2.0,1.9276757822394024,0.3999453307552017,15.0,2.0,0.7760037731949847,12.158407877230065,0.2614826921872728,17.87438064167722,50.0,0.8566666666666666
1.0000000000761031,0.0,0.1,9.0,0.8,0.6593201333008725,4.0,0.8744436467107245,1.0,138.0,5.0,0.008424466805311755,0.8692426590537512,0.7195256497501691,1.0,11.257331442336683,2.0,0.7041010500563063,0.16910369333301387,2.0,1.2127200256357422,0.36457687344288703,24.0,2.0,3.0,9.908691023496443,0.26065545482238706,59.271531678276176,200.0,0.8033333333333335
1.0000000001,0.0,0.5,6.948805763171433,0.8,0.2,8.0,0.8994948579513599,1.0,64.0,5.0,0.1345488928428546,1.5,1.0,1.0,10.967235329490359,2.0,0.0,0.0,2.0,2.0,0.35980662321192125,18.0,1.0,0.7853796434244731,20.0,0.21402512007665564,100.0,200.0,0.87
1.000000000093665,1.0,0.5,9.0,0.8,0.4610576697756734,8.0,0.9307821081524236,1.5172388650063438,93.0,5.0,0.0,1.387379554555187,1.0,0.8376357814525314,12.574937507323382,1.6924041348392065,4.240512853389939,0.4870722924111439,2.0,0.2908758580472258,0.4114325213789049,15.0,2.0,1.2951931668866286,19.864542493493328,0.2902731681055468,82.48053443505488,200.0,0.86
1.0,1.0,0.5,7.159295891987237,0.8,0.3483703105054217,8.0,0.8227773346649654,3.0,62.0,5.0,0.0,1.1364723952875668,1.0,0.8,7.835811818373783,2.0,5.0,1.7575948645038864,1.9970776826540348,0.4637649225594088,0.4023328160177369,21.0,2.0,3.0,5.0,0.24760268116844505,24.85548206520181,200.0,0.8333333333333331
1.0000000000344234,1.0,0.1,9.0,0.8,0.5679689387033888,4.0,1.0,1.0,142.0,6.441532928832247,0.0,1.0371374579435448,0.8462371167893358,1.0,6.705698900903427,0.7754268723475667,0.0,0.4282483842302644,0.274584376178938,0.960921504162882,0.3775931576666777,15.0,2.0,1.6369601526485649,9.914544703809591,0.13373037725235376,100.0,200.0,0.8666666666666667
1.0000000001,1.0,0.1,9.0,0.8,0.2,4.0,0.9285737366846591,1.0,58.0,5.0,0.4567265130284681,1.5,1.0,1.0,5.0,0.9686026344227908,1.0058467895107397,0.7178858907171725,1.3528427196765491,2.0,0.5,17.0,2.0,2.679980514788872,20.0,0.2808504455653124,96.70326162742384,200.0,0.71
1.0000000000368374,0.0,0.1,9.0,0.8,0.6703549759771639,4.0,0.8786212483305434,3.0,100.0,9.635058266087617,0.5,1.0708068089745018,0.9266472144716148,0.9219826231672504,12.145426024472563,1.1242003474484186,1.4243804864895624,1.45393674042009,1.0876634671271683,0.8108115715137226,0.3794793407346492,18.0,1.0,1.6574149491394237,20.0,0.2814384826860799,100.0,200.0,0.8299999999999997
1.0000000000021059,2.0,0.1,5.728727461676476,0.8,0.2,8.0,0.9870792578499546,1.0,142.0,13.837497220119207,0.0,0.6895003384867274,0.6825707260941403,1.0,7.162158616743362,1.5166775176489682,0.0,0.0,0.05047992620257519,1.2585901225353824,0.4396606418992247,25.0,3.0,1.1689752679436327,8.73823046638533,0.2867567837495433,66.34017788460382,50.0,0.78
1.0000000000163798,0.0,0.1,5.323586422259838,0.8,0.4754257420511442,4.0,1.0,1.0,62.0,11.398700804961484,0.0,1.3833863957914545,0.5202070919168545,1.0,5.967115225225201,1.117517045845989,3.901364945610797,1.6038899287809232,0.5955362561760223,0.5127676250775609,0.4566334557151805,15.0,3.0,2.809288385597976,19.64585850532612,0.1930352540877643,61.67275468682538,200.0,0.8466666666666667
1.000000000052939,1.0,0.1,6.697776999376695,0.8064146403655754,0.3292071544657777,8.0,0.8154178211254822,1.0,83.0,5.0,0.0,0.8235652815444109,1.0,1.0,6.9967318940089696,2.0,4.895468507241652,0.4167139673481871,0.644439409864572,0.0,0.3234167415996482,23.0,3.0,0.5,20.0,0.24288471976587198,61.69796982740824,200.0,0.8833333333333334
1.0000000000144746,1.0,0.1,3.0,0.8,0.2,8.0,1.0,1.0,138.0,8.253045165087856,0.0,0.5732679880130394,0.9338497686820544,0.9961166511800341,10.500709804058404,0.904204934654838,3.952759518041425,1.057718430424912,0.34572085449751955,0.6406137287491416,0.3746670330020658,15.0,1.0,1.813345080281552,7.400939029573108,0.2291550414280846,5.680362563239252,200.0,0.8399999999999999
1.000000000004306,2.0,0.5,9.0,0.8,0.4757252684538322,8.0,1.0,3.0,104.0,11.639568016618075,0.26438152023570155,1.4987827729337804,0.680357129811446,1.0,14.336169588997373,0.8474994230481288,0.0,0.6574826704629847,0.6264698478846865,1.3452119780988503,0.4022895724764077,15.0,2.0,2.968916297948377,16.90706398327709,0.2666408085388132,76.10798102030174,200.0,0.88
1.0000000000068754,2.0,0.1,6.350104644343193,0.8,0.3423398953584384,7.98230820469216,0.9261164831989636,1.1718954994105746,123.0,5.0,0.2029856426582179,0.7273167752217745,0.7801558089308374,1.0,10.989883516901507,2.0,4.697203495984113,1.312477754515646,1.4495157876367573,1.7172143820988661,0.5,15.0,2.0,0.9102273148571856,9.432014917733751,0.20209677117058414,56.66385247800716,200.0,0.8866666666666667
1.0000000000940046,0.0,0.1,7.726070065983517,0.8,0.2674157996913829,8.0,0.8,1.0,127.0,10.49342075151706,0.03489704947220658,0.8917518718385041,0.8152755692579272,0.9638822847455372,5.8740366896850285,1.6921321310929809,1.1278352909408504,0.8620198320065655,1.4463926009301689,0.05784340342400349,0.32843338600637056,22.0,2.0,3.0,8.577572416861091,0.11349311846169535,76.8827569073611,200.0,0.8633333333333333
1.0000000000636018,2.0,0.1,9.0,0.8,0.6144021953695125,5.187872675703773,1.0,1.1722387270610648,77.0,9.191264509991887,0.4005135887828376,1.227258161093392,0.7755286360875913,0.8391675448596312,13.558588881844445,0.87986771535513,2.6536160176671277,0.2770602127108287,0.7148275413424573,1.7105878393456748,0.3209340029953563,21.0,2.0,0.532546760648431,11.983438058506728,0.2230284578332374,28.61649456554257,200.0,0.8633333333333334
1.000000000028162,2.0,0.1,9.0,0.8,0.3945393698980747,8.0,0.8,1.0,98.0,5.2895459926080965,0.08945214769205577,1.2927082124341822,0.8516760576202044,0.8,6.941628756435168,1.6221242225353891,3.548003186272047,0.6560055710367575,1.6230061773925346,0.0,0.4471914973972085,15.0,1.0,0.9486711893075992,15.233056610227852,0.1730975959999015,40.93331153764065,200.0,0.8600000000000001
1.0000000000428038,2.0,0.5,9.0,0.8,0.7072185163075304,4.0,1.0,1.0,148.0,13.820874344677994,0.11341007273386015,0.809783806537371,0.8754160484567097,0.9799007386544908,13.670513977073554,0.8828999964434969,4.084144415462752,1.494447431196843,0.0,1.0838551684522133,0.3178610189031249,15.0,1.0,1.0290392593876336,20.0,0.2160135415227613,18.589017701967197,200.0,0.7833333333333333
1.000000000029797,1.0,0.5,9.0,0.8,0.2,8.0,0.8,1.0,128.0,8.676893596916843,0.43900477693486817,1.5,0.8298175334911322,0.9562195457234721,15.0,1.2325817106562753,2.4625418256551206,0.3354859727501477,1.500412386132961,1.241455494425378,0.3345008347503445,15.0,2.0,1.8760646984049656,13.230029392840278,0.2470206746770956,70.82759104138182,88.60996253507489,0.8466666666666667
1.000000000048553,1.0,0.5,9.0,0.8,0.2,8.0,1.0,2.5006265481696586,89.0,13.738489571843646,0.0,1.5,0.7652886531937702,0.8681370541845812,8.638680184705105,0.8122782306893667,3.504700123701478,0.6374504270951568,0.6640463396596815,1.2954585367325018,0.3,15.0,2.0,0.5,19.73752794599524,0.25818274161455823,94.48154272106207,200.0,0.8
1.0000000000869915,0.0,0.5,9.0,0.8,0.3201522468974636,8.0,0.8,1.0,115.0,5.0,0.0,1.2301321847891569,0.7918688355901612,1.0,9.443828768757742,2.0,0.0,0.0,0.35519337236140464,0.0,0.3829261227367915,15.0,2.0,1.2596065824808582,7.081274927444571,0.17751534598022714,55.70568095110154,131.6135449147841,0.8966666666666667
1.0000000000926363,0.0,0.24516683564814565,8.702676006600905,0.8,0.4254413719753943,8.0,0.8999793826941859,1.0,120.0,5.0,0.2279040742039882,1.4610206339514082,0.7203198803118286,1.0,13.849438654787445,2.0,0.15375592384322884,1.0168917558368396,0.07000575133712059,0.18299878204642134,0.4494457225746181,15.0,2.0,2.7429147642276503,5.977731480687197,0.18896118370152348,22.479164647415413,200.0,0.8566666666666669
1.0000000000135671,1.0,0.1,9.0,0.8,0.33813315028268986,8.0,0.8,1.0,64.0,5.082242000146705,0.13905566698935695,0.7123323778928669,0.760802481874405,0.9460095606835416,5.599019904308837,1.08552928092288,0.0,1.012051748360024,1.2740266741452428,1.924656750126377,0.3597972493483467,15.0,1.0,2.225798134162897,6.351914363232735,0.27466786229975626,29.2343379833822,91.58663278994801,0.8433333333333333
1.0000000000740092,1.0,0.1,9.0,0.8,0.6224744763491503,4.0,1.0,1.0,99.0,5.0,0.3211561381211844,1.2363044467333588,0.8044140922992138,1.0,8.057581609517559,1.1871553275252409,0.0,1.5396927038120265,1.4479188467985211,0.20873895239978046,0.5,15.0,2.0,2.530901175129864,20.0,0.3,44.43376948270258,50.0,0.7966666666666667
1.0000000000118126,0.0,0.5,9.0,0.8,0.2,8.0,0.8,1.0,110.0,6.72123529674289,0.0,0.5,0.5,0.9781610037035532,5.0,2.0,0.0,0.0,2.0,0.0,0.3,15.0,1.0,0.5,20.0,0.11198511647571176,8.88397901108506,127.1524526789489,0.8233333333333333
1.0000000000771283,2.0,0.1,3.0,0.8,0.2,4.0,0.8,1.0,115.0,5.0,0.0,1.5,0.8766089399725949,1.0,12.629416137817907,1.1806802776687988,0.0,0.0,1.1503952387251726,0.0,0.3670959412906206,25.0,2.0,2.9382932435203397,20.0,0.3,100.0,200.0,0.9
1.0000000001,2.0,0.1,3.0,0.8,0.2,4.0,0.8,1.0,134.0,5.009813480027363,0.3654349666771458,0.8886715462545259,0.7463688148407249,0.9803094973545182,7.960157938775777,1.2323883389234909,0.0,1.1983905834830346,1.3064741845486858,1.8272468180199688,0.4021662281869641,15.0,3.0,0.5,10.619585876080503,0.3,20.192150897960225,131.59400035781545,0.8733333333333333
1.0,1.0,0.05,9.0,0.8,0.3,8.0,0.9,1.0,120.0,5.0,0.0,1.5,0.8,1.0,10.0,2.0,2.5,0.5,1.0,0.5,0.5,20.0,3.0,2.0,10.0,0.2,50.0,200.0,0.85
