halite_config_setting_divisor,min_spawns_after_conversions,collect_smoothed_multiplier,collect_actual_multiplier,collect_less_halite_ships_multiplier,return_base_multiplier,return_base_less_halite_ships_multiplier,early_game_return_base_additional_multiplier,early_game_return_boost_step,end_game_return_base_additional_multiplier,establish_base_smoothed_multiplier,establish_first_base_smoothed_multiplier_correction,establish_base_deposit_multiplier,establish_base_less_halite_ships_multiplier,collect_run_enemy_multiplier,return_base_run_enemy_multiplier,establish_base_run_enemy_multiplier,collect_catch_enemy_multiplier,return_base_catch_enemy_multiplier,establish_base_catch_enemy_multiplier,ignore_catch_prob,max_ships,max_spawns_per_step,nearby_ship_halite_spawn_constant,nearby_halite_spawn_constant,remaining_budget_spawn_constant,spawn_score_threshold,max_spawn_relative_step_divisor,terminal_num_ships,terminal_num_bases,episode_reward,terminal_halite
1.0,1,0.2,6.0,20,6.0,20,2.0,100,10.0,0.0,1.0,0.75,20,10.0,1.0,4.0,0.5,0.5,0.5,0.5,20,2,2.0,10.0,0.2,50.0,100.0,14,2,1.0,5378.0
1.0,1,0.2,6.0,20,6.0,20,2.0,100,10.0,0.0,1.0,0.75,20,10.0,1.0,4.0,0.5,0.5,0.5,0.5,20,2,2.0,10.0,0.2,50.0,100.0,12,5,0.3333333333333333,3715.0
1.0,1,0.2,6.0,20,6.0,20,2.0,100,10.0,0.0,1.0,0.75,20,10.0,1.0,4.0,0.5,0.5,0.5,0.5,20,2,2.0,10.0,0.2,50.0,100.0,15,2,1.0,7097.0
1.0,1,0.2,6.0,20,6.0,20,2.0,100,10.0,0.0,1.0,0.75,20,10.0,1.0,4.0,0.5,0.5,0.5,0.5,20,2,2.0,10.0,0.2,50.0,100.0,14,2,0.6666666666666666,4264.0
1.0,1,0.2,6.0,20,6.0,20,2.0,100,10.0,0.0,1.0,0.75,20,10.0,1.0,4.0,0.5,0.5,0.5,0.5,20,2,2.0,10.0,0.2,50.0,100.0,17,1,1.0,5621.0
1.0,1,0.2,6.0,20,6.0,20,2.0,100,10.0,0.0,1.0,0.75,20,10.0,1.0,4.0,0.5,0.5,0.5,0.5,20,2,2.0,10.0,0.2,50.0,100.0,11,4,0.6666666666666666,3680.0
1.0,1,0.2,6.0,20,6.0,20,2.0,100,10.0,0.0,1.0,0.75,20,10.0,1.0,4.0,0.5,0.5,0.5,0.5,20,2,2.0,10.0,0.2,50.0,100.0,10,5,0.0,2170.0
1.0,1,0.2,6.0,20,6.0,20,2.0,100,10.0,0.0,1.0,0.75,20,10.0,1.0,4.0,0.5,0.5,0.5,0.5,20,2,2.0,10.0,0.2,50.0,100.0,13,3,0.6666666666666666,3570.0
1.0,1,0.2,6.0,20,6.0,20,2.0,100,10.0,0.0,1.0,0.75,20,10.0,1.0,4.0,0.5,0.5,0.5,0.5,20,2,2.0,10.0,0.2,50.0,100.0,8,6,0.3333333333333333,5561.0
1.0,1,0.2,6.0,20,6.0,20,2.0,100,10.0,0.0,1.0,0.75,20,10.0,1.0,4.0,0.5,0.5,0.5,0.5,20,2,2.0,10.0,0.2,50.0,100.0,11,2,0.3333333333333333,3976.0
1.0,1,0.2,6.0,20,6.0,20,2.0,100,10.0,0.0,1.0,0.75,20,10.0,1.0,4.0,0.5,0.5,0.5,0.5,20,2,2.0,10.0,0.2,50.0,100.0,15,3,0.6666666666666666,4609.0
1.0,1,0.2,6.0,20,6.0,20,2.0,100,10.0,0.0,1.0,0.75,20,10.0,1.0,4.0,0.5,0.5,0.5,0.5,20,2,2.0,10.0,0.2,50.0,100.0,13,1,0.3333333333333333,4209.0
1.0,1,0.2,6.0,20,6.0,20,2.0,100,10.0,0.0,1.0,0.75,20,10.0,1.0,4.0,0.5,0.5,0.5,0.5,20,2,2.0,10.0,0.2,50.0,100.0,8,4,0.0,2544.0
1.0,1,0.2,6.0,20,6.0,20,2.0,100,10.0,0.0,1.0,0.75,20,10.0,1.0,4.0,0.5,0.5,0.5,0.5,20,2,2.0,10.0,0.2,50.0,100.0,10,2,0.0,3158.0
1.0,1,0.2,6.0,20,6.0,20,2.0,100,10.0,0.0,1.0,0.75,20,10.0,1.0,4.0,0.5,0.5,0.5,0.5,20,2,2.0,10.0,0.2,50.0,100.0,8,2,0.0,2902.0
1.0,1,0.2,6.0,20,6.0,20,2.0,100,10.0,0.0,1.0,0.75,20,10.0,1.0,4.0,0.5,0.5,0.5,0.5,20,2,2.0,10.0,0.2,50.0,100.0,12,1,0.3333333333333333,3898.0
1.0,1,0.2,6.0,20,6.0,20,2.0,100,10.0,0.0,1.0,0.75,20,10.0,1.0,4.0,0.5,0.5,0.5,0.5,20,2,2.0,10.0,0.2,50.0,100.0,14,3,1.0,5180.0
1.0,1,0.2,6.0,20,6.0,20,2.0,100,10.0,0.0,1.0,0.75,20,10.0,1.0,4.0,0.5,0.5,0.5,0.5,20,2,2.0,10.0,0.2,50.0,100.0,16,4,1.0,5592.0
1.0,1,0.2,6.0,20,6.0,20,2.0,100,10.0,0.0,1.0,0.75,20,10.0,1.0,4.0,0.5,0.5,0.5,0.5,20,2,2.0,10.0,0.2,50.0,100.0,12,2,0.6666666666666666,4205.0
1.0,1,0.2,6.0,20,6.0,20,2.0,100,10.0,0.0,1.0,0.75,20,10.0,1.0,4.0,0.5,0.5,0.5,0.5,20,2,2.0,10.0,0.2,50.0,100.0,17,2,1.0,6442.0
1.0,1,0.2,6.0,20,6.0,20,2.0,100,10.0,0.0,1.0,0.75,20,10.0,1.0,4.0,0.5,0.5,0.5,0.5,20,2,2.0,10.0,0.2,50.0,100.0,10,4,1.0,7405.0
1.0,1,0.2,6.0,20,6.0,20,2.0,100,10.0,0.0,1.0,0.75,20,10.0,1.0,4.0,0.5,0.5,0.5,0.5,20,2,2.0,10.0,0.2,50.0,100.0,17,3,0.6666666666666666,5643.0
1.0,1,0.2,6.0,20,6.0,20,2.0,100,10.0,0.0,1.0,0.75,20,10.0,1.0,4.0,0.5,0.5,0.5,0.5,20,2,2.0,10.0,0.2,50.0,100.0,12,3,0.6666666666666666,4074.0
1.0,1,0.2,6.0,20,6.0,20,2.0,100,10.0,0.0,1.0,0.75,20,10.0,1.0,4.0,0.5,0.5,0.5,0.5,20,2,2.0,10.0,0.2,50.0,100.0,12,1,1.0,5553.0
1.0,1,0.2,6.0,20,6.0,20,2.0,100,10.0,0.0,1.0,0.75,20,10.0,1.0,4.0,0.5,0.5,0.5,0.5,20,2,2.0,10.0,0.2,50.0,100.0,11,3,0.3333333333333333,3815.0
1.0,1,0.2,6.0,20,6.0,20,2.0,100,10.0,0.0,1.0,0.75,20,10.0,1.0,4.0,0.5,0.5,0.5,0.5,20,2,2.0,10.0,0.2,50.0,100.0,10,4,0.6666666666666666,3439.0
1.0,1,0.2,6.0,20,6.0,20,2.0,100,10.0,0.0,1.0,0.75,20,10.0,1.0,4.0,0.5,0.5,0.5,0.5,20,2,2.0,10.0,0.2,50.0,100.0,12,4,0.6666666666666666,4269.0
1.0,1,0.2,6.0,20,6.0,20,2.0,100,10.0,0.0,1.0,0.75,20,10.0,1.0,4.0,0.5,0.5,0.5,0.5,20,2,2.0,10.0,0.2,50.0,100.0,13,1,0.6666666666666666,3415.0
1.0,1,0.2,6.0,20,6.0,20,2.0,100,10.0,0.0,1.0,0.75,20,10.0,1.0,4.0,0.5,0.5,0.5,0.5,20,2,2.0,10.0,0.2,50.0,100.0,11,4,0.0,3342.0
1.0,1,0.2,6.0,20,6.0,20,2.0,100,10.0,0.0,1.0,0.75,20,10.0,1.0,4.0,0.5,0.5,0.5,0.5,20,2,2.0,10.0,0.2,50.0,100.0,7,1,0.3333333333333333,3622.0
1.0,1,0.2,6.0,20,6.0,20,2.0,100,10.0,0.0,1.0,0.75,20,10.0,1.0,4.0,0.5,0.5,0.5,0.5,20,2,2.0,10.0,0.2,50.0,100.0,13,1,1.0,6349.0
1.0,1,0.2,6.0,20,6.0,20,2.0,100,10.0,0.0,1.0,0.75,20,10.0,1.0,4.0,0.5,0.5,0.5,0.5,20,2,2.0,10.0,0.2,50.0,100.0,17,2,1.0,7509.0
1.0,1,0.2,6.0,20,6.0,20,2.0,100,10.0,0.0,1.0,0.75,20,10.0,1.0,4.0,0.5,0.5,0.5,0.5,20,2,2.0,10.0,0.2,50.0,100.0,12,2,0.3333333333333333,3089.0
1.0,1,0.2,6.0,20,6.0,20,2.0,100,10.0,0.0,1.0,0.75,20,10.0,1.0,4.0,0.5,0.5,0.5,0.5,20,2,2.0,10.0,0.2,50.0,100.0,11,2,1.0,4432.0
1.0,1,0.2,6.0,20,6.0,20,2.0,100,10.0,0.0,1.0,0.75,20,10.0,1.0,4.0,0.5,0.5,0.5,0.5,20,2,2.0,10.0,0.2,50.0,100.0,14,2,0.0,3684.0
1.0,1,0.2,6.0,20,6.0,20,2.0,100,10.0,0.0,1.0,0.75,20,10.0,1.0,4.0,0.5,0.5,0.5,0.5,20,2,2.0,10.0,0.2,50.0,100.0,14,2,0.6666666666666666,3824.0
1.0,1,0.2,6.0,20,6.0,20,2.0,100,10.0,0.0,1.0,0.75,20,10.0,1.0,4.0,0.5,0.5,0.5,0.5,20,2,2.0,10.0,0.2,50.0,100.0,16,3,0.6666666666666666,4310.0
1.0,1,0.2,6.0,20,6.0,20,2.0,100,10.0,0.0,1.0,0.75,20,10.0,1.0,4.0,0.5,0.5,0.5,0.5,20,2,2.0,10.0,0.2,50.0,100.0,10,3,0.0,2499.0
1.0,1,0.2,6.0,20,6.0,20,2.0,100,10.0,0.0,1.0,0.75,20,10.0,1.0,4.0,0.5,0.5,0.5,0.5,20,2,2.0,10.0,0.2,50.0,100.0,16,3,1.0,6568.0
1.0,1,0.2,6.0,20,6.0,20,2.0,100,10.0,0.0,1.0,0.75,20,10.0,1.0,4.0,0.5,0.5,0.5,0.5,20,2,2.0,10.0,0.2,50.0,100.0,5,2,0.0,1168.0
1.0,1,0.2,6.0,20,6.0,20,2.0,100,10.0,0.0,1.0,0.75,20,10.0,1.0,4.0,0.5,0.5,0.5,0.5,20,2,2.0,10.0,0.2,50.0,100.0,11,2,0.3333333333333333,3986.0
1.0,1,0.2,6.0,20,6.0,20,2.0,100,10.0,0.0,1.0,0.75,20,10.0,1.0,4.0,0.5,0.5,0.5,0.5,20,2,2.0,10.0,0.2,50.0,100.0,15,2,1.0,4273.0
1.0,1,0.2,6.0,20,6.0,20,2.0,100,10.0,0.0,1.0,0.75,20,10.0,1.0,4.0,0.5,0.5,0.5,0.5,20,2,2.0,10.0,0.2,50.0,100.0,7,2,0.3333333333333333,3280.0
1.0,1,0.2,6.0,20,6.0,20,2.0,100,10.0,0.0,1.0,0.75,20,10.0,1.0,4.0,0.5,0.5,0.5,0.5,20,2,2.0,10.0,0.2,50.0,100.0,13,3,0.6666666666666666,5183.0
1.0,1,0.2,6.0,20,6.0,20,2.0,100,10.0,0.0,1.0,0.75,20,10.0,1.0,4.0,0.5,0.5,0.5,0.5,20,2,2.0,10.0,0.2,50.0,100.0,9,3,0.6666666666666666,4789.0
1.0,1,0.2,6.0,20,6.0,20,2.0,100,10.0,0.0,1.0,0.75,20,10.0,1.0,4.0,0.5,0.5,0.5,0.5,20,2,2.0,10.0,0.2,50.0,100.0,13,2,0.6666666666666666,4406.0
1.0,1,0.2,6.0,20,6.0,20,2.0,100,10.0,0.0,1.0,0.75,20,10.0,1.0,4.0,0.5,0.5,0.5,0.5,20,2,2.0,10.0,0.2,50.0,100.0,12,3,1.0,5300.0
1.0,1,0.2,6.0,20,6.0,20,2.0,100,10.0,0.0,1.0,0.75,20,10.0,1.0,4.0,0.5,0.5,0.5,0.5,20,2,2.0,10.0,0.2,50.0,100.0,10,3,0.0,2750.0
1.0,1,0.2,6.0,20,6.0,20,2.0,100,10.0,0.0,1.0,0.75,20,10.0,1.0,4.0,0.5,0.5,0.5,0.5,20,2,2.0,10.0,0.2,50.0,100.0,12,2,1.0,6199.0
1.0,1,0.2,6.0,20,6.0,20,2.0,100,10.0,0.0,1.0,0.75,20,10.0,1.0,4.0,0.5,0.5,0.5,0.5,20,2,2.0,10.0,0.2,50.0,100.0,14,2,1.0,6732.0
1.0,1,0.2,6.0,20,6.0,20,2.0,100,10.0,0.0,1.0,0.75,20,10.0,1.0,4.0,0.5,0.5,0.5,0.5,20,2,2.0,10.0,0.2,50.0,100.0,15,3,0.0,3274.0
1.0,1,0.2,6.0,20,6.0,20,2.0,100,10.0,0.0,1.0,0.75,20,10.0,1.0,4.0,0.5,0.5,0.5,0.5,20,2,2.0,10.0,0.2,50.0,100.0,12,1,1.0,5184.0
1.0,1,0.2,6.0,20,6.0,20,2.0,100,10.0,0.0,1.0,0.75,20,10.0,1.0,4.0,0.5,0.5,0.5,0.5,20,2,2.0,10.0,0.2,50.0,100.0,13,3,0.0,3433.0
1.0,1,0.2,6.0,20,6.0,20,2.0,100,10.0,0.0,1.0,0.75,20,10.0,1.0,4.0,0.5,0.5,0.5,0.5,20,2,2.0,10.0,0.2,50.0,100.0,15,2,1.0,6067.0
1.0,1,0.2,6.0,20,6.0,20,2.0,100,10.0,0.0,1.0,0.75,20,10.0,1.0,4.0,0.5,0.5,0.5,0.5,20,2,2.0,10.0,0.2,50.0,100.0,7,2,1.0,5449.0
1.0,1,0.2,6.0,20,6.0,20,2.0,100,10.0,0.0,1.0,0.75,20,10.0,1.0,4.0,0.5,0.5,0.5,0.5,20,2,2.0,10.0,0.2,50.0,100.0,16,1,0.6666666666666666,4999.0
1.0,1,0.2,6.0,20,6.0,20,2.0,100,10.0,0.0,1.0,0.75,20,10.0,1.0,4.0,0.5,0.5,0.5,0.5,20,2,2.0,10.0,0.2,50.0,100.0,13,2,1.0,9329.0
1.0,1,0.2,6.0,20,6.0,20,2.0,100,10.0,0.0,1.0,0.75,20,10.0,1.0,4.0,0.5,0.5,0.5,0.5,20,2,2.0,10.0,0.2,50.0,100.0,10,2,0.6666666666666666,4236.0
1.0,1,0.2,6.0,20,6.0,20,2.0,100,10.0,0.0,1.0,0.75,20,10.0,1.0,4.0,0.5,0.5,0.5,0.5,20,2,2.0,10.0,0.2,50.0,100.0,16,1,1.0,5810.0
1.0,1,0.2,6.0,20,6.0,20,2.0,100,10.0,0.0,1.0,0.75,20,10.0,1.0,4.0,0.5,0.5,0.5,0.5,20,2,2.0,10.0,0.2,50.0,100.0,12,2,1.0,4068.0
1.0,1,0.2,6.0,20,6.0,20,2.0,100,10.0,0.0,1.0,0.75,20,10.0,1.0,4.0,0.5,0.5,0.5,0.5,20,2,2.0,10.0,0.2,50.0,100.0,11,3,0.3333333333333333,3013.0
1.0,1,0.2,6.0,20,6.0,20,2.0,100,10.0,0.0,1.0,0.75,20,10.0,1.0,4.0,0.5,0.5,0.5,0.5,20,2,2.0,10.0,0.2,50.0,100.0,12,4,0.0,3368.0
1.0,1,0.2,6.0,20,6.0,20,2.0,100,10.0,0.0,1.0,0.75,20,10.0,1.0,4.0,0.5,0.5,0.5,0.5,20,2,2.0,10.0,0.2,50.0,100.0,16,4,0.6666666666666666,3746.0
1.0,1,0.2,6.0,20,6.0,20,2.0,100,10.0,0.0,1.0,0.75,20,10.0,1.0,4.0,0.5,0.5,0.5,0.5,20,2,2.0,10.0,0.2,50.0,100.0,15,1,1.0,6829.0
1.0,1,0.2,6.0,20,6.0,20,2.0,100,10.0,0.0,1.0,0.75,20,10.0,1.0,4.0,0.5,0.5,0.5,0.5,20,2,2.0,10.0,0.2,50.0,100.0,15,3,0.3333333333333333,4051.0
1.0,1,0.2,6.0,20,6.0,20,2.0,100,10.0,0.0,1.0,0.75,20,10.0,1.0,4.0,0.5,0.5,0.5,0.5,20,2,2.0,10.0,0.2,50.0,100.0,12,2,1.0,5936.0
1.0,1,0.2,6.0,20,6.0,20,2.0,100,10.0,0.0,1.0,0.75,20,10.0,1.0,4.0,0.5,0.5,0.5,0.5,20,2,2.0,10.0,0.2,50.0,100.0,12,3,0.6666666666666666,5415.0
1.0,1,0.2,6.0,20,6.0,20,2.0,100,10.0,0.0,1.0,0.75,20,10.0,1.0,4.0,0.5,0.5,0.5,0.5,20,2,2.0,10.0,0.2,50.0,100.0,13,3,0.6666666666666666,4508.0
1.0,1,0.2,6.0,20,6.0,20,2.0,100,10.0,0.0,1.0,0.75,20,10.0,1.0,4.0,0.5,0.5,0.5,0.5,20,2,2.0,10.0,0.2,50.0,100.0,11,2,1.0,6093.0
1.0,1,0.2,6.0,20,6.0,20,2.0,100,10.0,0.0,1.0,0.75,20,10.0,1.0,4.0,0.5,0.5,0.5,0.5,20,2,2.0,10.0,0.2,50.0,100.0,9,1,0.3333333333333333,3219.0
1.0,1,0.2,6.0,20,6.0,20,2.0,100,10.0,0.0,1.0,0.75,20,10.0,1.0,4.0,0.5,0.5,0.5,0.5,20,2,2.0,10.0,0.2,50.0,100.0,13,2,0.6666666666666666,4290.0
1.0,1,0.2,6.0,20,6.0,20,2.0,100,10.0,0.0,1.0,0.75,20,10.0,1.0,4.0,0.5,0.5,0.5,0.5,20,2,2.0,10.0,0.2,50.0,100.0,13,2,0.6666666666666666,4702.0
1.0,1,0.2,6.0,20,6.0,20,2.0,100,10.0,0.0,1.0,0.75,20,10.0,1.0,4.0,0.5,0.5,0.5,0.5,20,2,2.0,10.0,0.2,50.0,100.0,12,3,0.0,2832.0
1.0,1,0.2,6.0,20,6.0,20,2.0,100,10.0,0.0,1.0,0.75,20,10.0,1.0,4.0,0.5,0.5,0.5,0.5,20,2,2.0,10.0,0.2,50.0,100.0,9,1,0.3333333333333333,4091.0
1.0,1,0.2,6.0,20,6.0,20,2.0,100,10.0,0.0,1.0,0.75,20,10.0,1.0,4.0,0.5,0.5,0.5,0.5,20,2,2.0,10.0,0.2,50.0,100.0,14,1,1.0,5594.0
1.0,1,0.2,6.0,20,6.0,20,2.0,100,10.0,0.0,1.0,0.75,20,10.0,1.0,4.0,0.5,0.5,0.5,0.5,20,2,2.0,10.0,0.2,50.0,100.0,11,3,1.0,5585.0
1.0,1,0.2,6.0,20,6.0,20,2.0,100,10.0,0.0,1.0,0.75,20,10.0,1.0,4.0,0.5,0.5,0.5,0.5,20,2,2.0,10.0,0.2,50.0,100.0,13,3,0.6666666666666666,4253.0
1.0,1,0.2,6.0,20,6.0,20,2.0,100,10.0,0.0,1.0,0.75,20,10.0,1.0,4.0,0.5,0.5,0.5,0.5,20,2,2.0,10.0,0.2,50.0,100.0,15,3,0.6666666666666666,3371.0
1.0,1,0.2,6.0,20,6.0,20,2.0,100,10.0,0.0,1.0,0.75,20,10.0,1.0,4.0,0.5,0.5,0.5,0.5,20,2,2.0,10.0,0.2,50.0,100.0,17,1,1.0,6211.0
1.0,1,0.2,6.0,20,6.0,20,2.0,100,10.0,0.0,1.0,0.75,20,10.0,1.0,4.0,0.5,0.5,0.5,0.5,20,2,2.0,10.0,0.2,50.0,100.0,13,2,0.6666666666666666,4490.0
1.0,1,0.2,6.0,20,6.0,20,2.0,100,10.0,0.0,1.0,0.75,20,10.0,1.0,4.0,0.5,0.5,0.5,0.5,20,2,2.0,10.0,0.2,50.0,100.0,11,2,0.3333333333333333,3544.0
1.0,1,0.2,6.0,20,6.0,20,2.0,100,10.0,0.0,1.0,0.75,20,10.0,1.0,4.0,0.5,0.5,0.5,0.5,20,2,2.0,10.0,0.2,50.0,100.0,12,4,0.6666666666666666,4360.0
1.0,1,0.2,6.0,20,6.0,20,2.0,100,10.0,0.0,1.0,0.75,20,10.0,1.0,4.0,0.5,0.5,0.5,0.5,20,2,2.0,10.0,0.2,50.0,100.0,16,2,0.6666666666666666,4579.0
1.0,1,0.2,6.0,20,6.0,20,2.0,100,10.0,0.0,1.0,0.75,20,10.0,1.0,4.0,0.5,0.5,0.5,0.5,20,2,2.0,10.0,0.2,50.0,100.0,14,2,1.0,4862.0
1.0,1,0.2,6.0,20,6.0,20,2.0,100,10.0,0.0,1.0,0.75,20,10.0,1.0,4.0,0.5,0.5,0.5,0.5,20,2,2.0,10.0,0.2,50.0,100.0,6,4,0.0,2169.0
1.0,1,0.2,6.0,20,6.0,20,2.0,100,10.0,0.0,1.0,0.75,20,10.0,1.0,4.0,0.5,0.5,0.5,0.5,20,2,2.0,10.0,0.2,50.0,100.0,14,1,1.0,5472.0
1.0,1,0.2,6.0,20,6.0,20,2.0,100,10.0,0.0,1.0,0.75,20,10.0,1.0,4.0,0.5,0.5,0.5,0.5,20,2,2.0,10.0,0.2,50.0,100.0,15,4,0.6666666666666666,6238.0
1.0,1,0.2,6.0,20,6.0,20,2.0,100,10.0,0.0,1.0,0.75,20,10.0,1.0,4.0,0.5,0.5,0.5,0.5,20,2,2.0,10.0,0.2,50.0,100.0,8,3,0.0,3594.0
1.0,1,0.2,6.0,20,6.0,20,2.0,100,10.0,0.0,1.0,0.75,20,10.0,1.0,4.0,0.5,0.5,0.5,0.5,20,2,2.0,10.0,0.2,50.0,100.0,10,2,0.3333333333333333,3201.0
1.0,1,0.2,6.0,20,6.0,20,2.0,100,10.0,0.0,1.0,0.75,20,10.0,1.0,4.0,0.5,0.5,0.5,0.5,20,2,2.0,10.0,0.2,50.0,100.0,9,2,0.0,2800.0
1.0,1,0.2,6.0,20,6.0,20,2.0,100,10.0,0.0,1.0,0.75,20,10.0,1.0,4.0,0.5,0.5,0.5,0.5,20,2,2.0,10.0,0.2,50.0,100.0,11,1,1.0,3635.0
1.0,1,0.2,6.0,20,6.0,20,2.0,100,10.0,0.0,1.0,0.75,20,10.0,1.0,4.0,0.5,0.5,0.5,0.5,20,2,2.0,10.0,0.2,50.0,100.0,12,3,1.0,3540.0
1.0,1,0.2,6.0,20,6.0,20,2.0,100,10.0,0.0,1.0,0.75,20,10.0,1.0,4.0,0.5,0.5,0.5,0.5,20,2,2.0,10.0,0.2,50.0,100.0,9,2,0.3333333333333333,2566.0
1.0,1,0.2,6.0,20,6.0,20,2.0,100,10.0,0.0,1.0,0.75,20,10.0,1.0,4.0,0.5,0.5,0.5,0.5,20,2,2.0,10.0,0.2,50.0,100.0,16,5,0.3333333333333333,3145.0
1.0,1,0.2,6.0,20,6.0,20,2.0,100,10.0,0.0,1.0,0.75,20,10.0,1.0,4.0,0.5,0.5,0.5,0.5,20,2,2.0,10.0,0.2,50.0,100.0,11,3,0.6666666666666666,3968.0
1.0,1,0.2,6.0,20,6.0,20,2.0,100,10.0,0.0,1.0,0.75,20,10.0,1.0,4.0,0.5,0.5,0.5,0.5,20,2,2.0,10.0,0.2,50.0,100.0,16,1,0.6666666666666666,4384.0
1.0,1,0.2,6.0,20,6.0,20,2.0,100,10.0,0.0,1.0,0.75,20,10.0,1.0,4.0,0.5,0.5,0.5,0.5,20,2,2.0,10.0,0.2,50.0,100.0,11,3,1.0,5786.0
1.0,1,0.2,6.0,20,6.0,20,2.0,100,10.0,0.0,1.0,0.75,20,10.0,1.0,4.0,0.5,0.5,0.5,0.5,20,2,2.0,10.0,0.2,50.0,100.0,12,2,0.3333333333333333,4791.0
1.0,1,0.2,6.0,20,6.0,20,2.0,100,10.0,0.0,1.0,0.75,20,10.0,1.0,4.0,0.5,0.5,0.5,0.5,20,2,2.0,10.0,0.2,50.0,100.0,11,1,1.0,6328.0
1.0,1,0.2,6.0,20,6.0,20,2.0,100,10.0,0.0,1.0,0.75,20,10.0,1.0,4.0,0.5,0.5,0.5,0.5,20,2,2.0,10.0,0.2,50.0,100.0,14,1,1.0,5475.0
1.0,1,0.2,6.0,20,6.0,20,2.0,100,10.0,0.0,1.0,0.75,20,10.0,1.0,4.0,0.5,0.5,0.5,0.5,20,2,2.0,10.0,0.2,50.0,100.0,4,3,0.0,2984.0
1.0,1,0.2,6.0,20,6.0,20,2.0,100,10.0,0.0,1.0,0.75,20,10.0,1.0,4.0,0.5,0.5,0.5,0.5,20,2,2.0,10.0,0.2,50.0,100.0,8,2,0.3333333333333333,4131.0
1.0,1,0.2,6.0,20,6.0,20,2.0,100,10.0,0.0,1.0,0.75,20,10.0,1.0,4.0,0.5,0.5,0.5,0.5,20,2,2.0,10.0,0.2,50.0,100.0,7,1,0.6666666666666666,5184.0
1.0,1,0.2,6.0,20,6.0,20,2.0,100,10.0,0.0,1.0,0.75,20,10.0,1.0,4.0,0.5,0.5,0.5,0.5,20,2,2.0,10.0,0.2,50.0,100.0,19,2,1.0,5580.0
1.0,1,0.2,6.0,20,6.0,20,2.0,100,10.0,0.0,1.0,0.75,20,10.0,1.0,4.0,0.5,0.5,0.5,0.5,20,2,2.0,10.0,0.2,50.0,100.0,15,2,0.3333333333333333,3805.0
1.0,1,0.2,6.0,20,6.0,20,2.0,100,10.0,0.0,1.0,0.75,20,10.0,1.0,4.0,0.5,0.5,0.5,0.5,20,2,2.0,10.0,0.2,50.0,100.0,11,3,0.3333333333333333,3743.0
1.0,1,0.2,6.0,20,6.0,20,2.0,100,10.0,0.0,1.0,0.75,20,10.0,1.0,4.0,0.5,0.5,0.5,0.5,20,2,2.0,10.0,0.2,50.0,100.0,13,2,1.0,5983.0
1.0,1,0.2,6.0,20,6.0,20,2.0,100,10.0,0.0,1.0,0.75,20,10.0,1.0,4.0,0.5,0.5,0.5,0.5,20,2,2.0,10.0,0.2,50.0,100.0,13,2,0.3333333333333333,3031.0
1.0,1,0.2,6.0,20,6.0,20,2.0,100,10.0,0.0,1.0,0.75,20,10.0,1.0,4.0,0.5,0.5,0.5,0.5,20,2,2.0,10.0,0.2,50.0,100.0,13,3,1.0,4958.0
1.0,1,0.2,6.0,20,6.0,20,2.0,100,10.0,0.0,1.0,0.75,20,10.0,1.0,4.0,0.5,0.5,0.5,0.5,20,2,2.0,10.0,0.2,50.0,100.0,12,2,0.3333333333333333,3954.0
1.0,1,0.2,6.0,20,6.0,20,2.0,100,10.0,0.0,1.0,0.75,20,10.0,1.0,4.0,0.5,0.5,0.5,0.5,20,2,2.0,10.0,0.2,50.0,100.0,13,4,1.0,15606.0
1.0,1,0.2,6.0,20,6.0,20,2.0,100,10.0,0.0,1.0,0.75,20,10.0,1.0,4.0,0.5,0.5,0.5,0.5,20,2,2.0,10.0,0.2,50.0,100.0,12,3,1.0,4362.0
1.0,1,0.2,6.0,20,6.0,20,2.0,100,10.0,0.0,1.0,0.75,20,10.0,1.0,4.0,0.5,0.5,0.5,0.5,20,2,2.0,10.0,0.2,50.0,100.0,14,1,0.6666666666666666,4242.0
1.0,1,0.2,6.0,20,6.0,20,2.0,100,10.0,0.0,1.0,0.75,20,10.0,1.0,4.0,0.5,0.5,0.5,0.5,20,2,2.0,10.0,0.2,50.0,100.0,11,2,0.3333333333333333,3090.0
1.0,1,0.2,6.0,20,6.0,20,2.0,100,10.0,0.0,1.0,0.75,20,10.0,1.0,4.0,0.5,0.5,0.5,0.5,20,2,2.0,10.0,0.2,50.0,100.0,13,2,0.3333333333333333,3657.0
1.0,1,0.2,6.0,20,6.0,20,2.0,100,10.0,0.0,1.0,0.75,20,10.0,1.0,4.0,0.5,0.5,0.5,0.5,20,2,2.0,10.0,0.2,50.0,100.0,16,2,0.6666666666666666,5009.0
1.0,1,0.2,6.0,20,6.0,20,2.0,100,10.0,0.0,1.0,0.75,20,10.0,1.0,4.0,0.5,0.5,0.5,0.5,20,2,2.0,10.0,0.2,50.0,100.0,14,3,1.0,9783.0
1.0,1,0.2,6.0,20,6.0,20,2.0,100,10.0,0.0,1.0,0.75,20,10.0,1.0,4.0,0.5,0.5,0.5,0.5,20,2,2.0,10.0,0.2,50.0,100.0,12,3,0.6666666666666666,3047.0
1.0,1,0.2,6.0,20,6.0,20,2.0,100,10.0,0.0,1.0,0.75,20,10.0,1.0,4.0,0.5,0.5,0.5,0.5,20,2,2.0,10.0,0.2,50.0,100.0,15,2,0.6666666666666666,4016.0
1.0,1,0.2,6.0,20,6.0,20,2.0,100,10.0,0.0,1.0,0.75,20,10.0,1.0,4.0,0.5,0.5,0.5,0.5,20,2,2.0,10.0,0.2,50.0,100.0,14,3,0.6666666666666666,4013.0
1.0,1,0.2,6.0,20,6.0,20,2.0,100,10.0,0.0,1.0,0.75,20,10.0,1.0,4.0,0.5,0.5,0.5,0.5,20,2,2.0,10.0,0.2,50.0,100.0,14,3,1.0,5859.0
1.0,1,0.2,6.0,20,6.0,20,2.0,100,10.0,0.0,1.0,0.75,20,10.0,1.0,4.0,0.5,0.5,0.5,0.5,20,2,2.0,10.0,0.2,50.0,100.0,8,2,0.6666666666666666,3529.0
1.0,1,0.2,6.0,20,6.0,20,2.0,100,10.0,0.0,1.0,0.75,20,10.0,1.0,4.0,0.5,0.5,0.5,0.5,20,2,2.0,10.0,0.2,50.0,100.0,14,2,0.6666666666666666,4600.0
1.0,1,0.2,6.0,20,6.0,20,2.0,100,10.0,0.0,1.0,0.75,20,10.0,1.0,4.0,0.5,0.5,0.5,0.5,20,2,2.0,10.0,0.2,50.0,100.0,13,3,1.0,4590.0
1.0,1,0.2,6.0,20,6.0,20,2.0,100,10.0,0.0,1.0,0.75,20,10.0,1.0,4.0,0.5,0.5,0.5,0.5,20,2,2.0,10.0,0.2,50.0,100.0,6,1,0.6666666666666666,3621.0
1.0,1,0.2,6.0,20,6.0,20,2.0,100,10.0,0.0,1.0,0.75,20,10.0,1.0,4.0,0.5,0.5,0.5,0.5,20,2,2.0,10.0,0.2,50.0,100.0,12,1,0.6666666666666666,4480.0
1.0,1,0.2,6.0,20,6.0,20,2.0,100,10.0,0.0,1.0,0.75,20,10.0,1.0,4.0,0.5,0.5,0.5,0.5,20,2,2.0,10.0,0.2,50.0,100.0,12,1,0.6666666666666666,4416.0
1.0,1,0.2,6.0,20,6.0,20,2.0,100,10.0,0.0,1.0,0.75,20,10.0,1.0,4.0,0.5,0.5,0.5,0.5,20,2,2.0,10.0,0.2,50.0,100.0,13,2,1.0,5331.0
1.0,1,0.2,6.0,20,6.0,20,2.0,100,10.0,0.0,1.0,0.75,20,10.0,1.0,4.0,0.5,0.5,0.5,0.5,20,2,2.0,10.0,0.2,50.0,100.0,12,2,1.0,4188.0
1.0,1,0.2,6.0,20,6.0,20,2.0,100,10.0,0.0,1.0,0.75,20,10.0,1.0,4.0,0.5,0.5,0.5,0.5,20,2,2.0,10.0,0.2,50.0,100.0,12,2,1.0,4760.0
1.0,1,0.2,6.0,20,6.0,20,2.0,100,10.0,0.0,1.0,0.75,20,10.0,1.0,4.0,0.5,0.5,0.5,0.5,20,2,2.0,10.0,0.2,50.0,100.0,9,2,1.0,4413.0
1.0,1,0.2,6.0,20,6.0,20,2.0,100,10.0,0.0,1.0,0.75,20,10.0,1.0,4.0,0.5,0.5,0.5,0.5,20,2,2.0,10.0,0.2,50.0,100.0,13,1,0.3333333333333333,4008.0
1.0,1,0.2,6.0,20,6.0,20,2.0,100,10.0,0.0,1.0,0.75,20,10.0,1.0,4.0,0.5,0.5,0.5,0.5,20,2,2.0,10.0,0.2,50.0,100.0,8,2,0.0,2330.0
1.0,1,0.2,6.0,20,6.0,20,2.0,100,10.0,0.0,1.0,0.75,20,10.0,1.0,4.0,0.5,0.5,0.5,0.5,20,2,2.0,10.0,0.2,50.0,100.0,11,4,0.3333333333333333,3662.0
1.0,1,0.2,6.0,20,6.0,20,2.0,100,10.0,0.0,1.0,0.75,20,10.0,1.0,4.0,0.5,0.5,0.5,0.5,20,2,2.0,10.0,0.2,50.0,100.0,11,2,1.0,5247.0
1.0,1,0.2,6.0,20,6.0,20,2.0,100,10.0,0.0,1.0,0.75,20,10.0,1.0,4.0,0.5,0.5,0.5,0.5,20,2,2.0,10.0,0.2,50.0,100.0,13,4,0.0,3064.0
1.0,1,0.2,6.0,20,6.0,20,2.0,100,10.0,0.0,1.0,0.75,20,10.0,1.0,4.0,0.5,0.5,0.5,0.5,20,2,2.0,10.0,0.2,50.0,100.0,11,4,0.0,3024.0
1.0,1,0.2,6.0,20,6.0,20,2.0,100,10.0,0.0,1.0,0.75,20,10.0,1.0,4.0,0.5,0.5,0.5,0.5,20,2,2.0,10.0,0.2,50.0,100.0,14,1,0.6666666666666666,5566.0
1.0,1,0.2,6.0,20,6.0,20,2.0,100,10.0,0.0,1.0,0.75,20,10.0,1.0,4.0,0.5,0.5,0.5,0.5,20,2,2.0,10.0,0.2,50.0,100.0,14,2,0.3333333333333333,4167.0
1.0,1,0.2,6.0,20,6.0,20,2.0,100,10.0,0.0,1.0,0.75,20,10.0,1.0,4.0,0.5,0.5,0.5,0.5,20,2,2.0,10.0,0.2,50.0,100.0,16,4,0.3333333333333333,3532.0
1.0,1,0.2,6.0,20,6.0,20,2.0,100,10.0,0.0,1.0,0.75,20,10.0,1.0,4.0,0.5,0.5,0.5,0.5,20,2,2.0,10.0,0.2,50.0,100.0,8,1,0.6666666666666666,4644.0
1.0,1,0.2,6.0,20,6.0,20,2.0,100,10.0,0.0,1.0,0.75,20,10.0,1.0,4.0,0.5,0.5,0.5,0.5,20,2,2.0,10.0,0.2,50.0,100.0,18,2,1.0,5677.0
1.0,1,0.2,6.0,20,6.0,20,2.0,100,10.0,0.0,1.0,0.75,20,10.0,1.0,4.0,0.5,0.5,0.5,0.5,20,2,2.0,10.0,0.2,50.0,100.0,12,1,0.0,3782.0
1.0,1,0.2,6.0,20,6.0,20,2.0,100,10.0,0.0,1.0,0.75,20,10.0,1.0,4.0,0.5,0.5,0.5,0.5,20,2,2.0,10.0,0.2,50.0,100.0,12,2,0.0,3709.0
1.0,1,0.2,6.0,20,6.0,20,2.0,100,10.0,0.0,1.0,0.75,20,10.0,1.0,4.0,0.5,0.5,0.5,0.5,20,2,2.0,10.0,0.2,50.0,100.0,7,3,0.0,2323.0
1.0,1,0.2,6.0,20,6.0,20,2.0,100,10.0,0.0,1.0,0.75,20,10.0,1.0,4.0,0.5,0.5,0.5,0.5,20,2,2.0,10.0,0.2,50.0,100.0,16,4,0.0,4313.0
1.0,1,0.2,6.0,20,6.0,20,2.0,100,10.0,0.0,1.0,0.75,20,10.0,1.0,4.0,0.5,0.5,0.5,0.5,20,2,2.0,10.0,0.2,50.0,100.0,12,2,0.6666666666666666,3783.0
1.0,1,0.2,6.0,20,6.0,20,2.0,100,10.0,0.0,1.0,0.75,20,10.0,1.0,4.0,0.5,0.5,0.5,0.5,20,2,2.0,10.0,0.2,50.0,100.0,9,4,0.0,2527.0
1.0,1,0.2,6.0,20,6.0,20,2.0,100,10.0,0.0,1.0,0.75,20,10.0,1.0,4.0,0.5,0.5,0.5,0.5,20,2,2.0,10.0,0.2,50.0,100.0,15,1,1.0,4652.0
1.0,1,0.2,6.0,20,6.0,20,2.0,100,10.0,0.0,1.0,0.75,20,10.0,1.0,4.0,0.5,0.5,0.5,0.5,20,2,2.0,10.0,0.2,50.0,100.0,8,1,0.0,2630.0
1.0,1,0.2,6.0,20,6.0,20,2.0,100,10.0,0.0,1.0,0.75,20,10.0,1.0,4.0,0.5,0.5,0.5,0.5,20,2,2.0,10.0,0.2,50.0,100.0,12,4,1.0,3094.0
1.0,1,0.2,6.0,20,6.0,20,2.0,100,10.0,0.0,1.0,0.75,20,10.0,1.0,4.0,0.5,0.5,0.5,0.5,20,2,2.0,10.0,0.2,50.0,100.0,7,1,0.0,3281.0
1.0,1,0.2,6.0,20,6.0,20,2.0,100,10.0,0.0,1.0,0.75,20,10.0,1.0,4.0,0.5,0.5,0.5,0.5,20,2,2.0,10.0,0.2,50.0,100.0,10,1,1.0,5688.0
1.0,1,0.2,6.0,20,6.0,20,2.0,100,10.0,0.0,1.0,0.75,20,10.0,1.0,4.0,0.5,0.5,0.5,0.5,20,2,2.0,10.0,0.2,50.0,100.0,11,4,0.0,2184.0
1.0,1,0.2,6.0,20,6.0,20,2.0,100,10.0,0.0,1.0,0.75,20,10.0,1.0,4.0,0.5,0.5,0.5,0.5,20,2,2.0,10.0,0.2,50.0,100.0,12,2,0.6666666666666666,4276.0
1.0,1,0.2,6.0,20,6.0,20,2.0,100,10.0,0.0,1.0,0.75,20,10.0,1.0,4.0,0.5,0.5,0.5,0.5,20,2,2.0,10.0,0.2,50.0,100.0,13,2,1.0,4747.0
1.0,1,0.2,6.0,20,6.0,20,2.0,100,10.0,0.0,1.0,0.75,20,10.0,1.0,4.0,0.5,0.5,0.5,0.5,20,2,2.0,10.0,0.2,50.0,100.0,13,2,0.6666666666666666,3990.0
1.0,1,0.2,6.0,20,6.0,20,2.0,100,10.0,0.0,1.0,0.75,20,10.0,1.0,4.0,0.5,0.5,0.5,0.5,20,2,2.0,10.0,0.2,50.0,100.0,13,1,0.3333333333333333,3996.0
1.0,1,0.2,6.0,20,6.0,20,2.0,100,10.0,0.0,1.0,0.75,20,10.0,1.0,4.0,0.5,0.5,0.5,0.5,20,2,2.0,10.0,0.2,50.0,100.0,14,2,1.0,4847.0
1.0,1,0.2,6.0,20,6.0,20,2.0,100,10.0,0.0,1.0,0.75,20,10.0,1.0,4.0,0.5,0.5,0.5,0.5,20,2,2.0,10.0,0.2,50.0,100.0,11,3,0.6666666666666666,4101.0
1.0,1,0.2,6.0,20,6.0,20,2.0,100,10.0,0.0,1.0,0.75,20,10.0,1.0,4.0,0.5,0.5,0.5,0.5,20,2,2.0,10.0,0.2,50.0,100.0,10,2,0.3333333333333333,3935.0
1.0,1,0.2,6.0,20,6.0,20,2.0,100,10.0,0.0,1.0,0.75,20,10.0,1.0,4.0,0.5,0.5,0.5,0.5,20,2,2.0,10.0,0.2,50.0,100.0,16,1,1.0,4180.0
1.0,1,0.2,6.0,20,6.0,20,2.0,100,10.0,0.0,1.0,0.75,20,10.0,1.0,4.0,0.5,0.5,0.5,0.5,20,2,2.0,10.0,0.2,50.0,100.0,17,3,0.3333333333333333,3461.0
1.0,1,0.2,6.0,20,6.0,20,2.0,100,10.0,0.0,1.0,0.75,20,10.0,1.0,4.0,0.5,0.5,0.5,0.5,20,2,2.0,10.0,0.2,50.0,100.0,14,2,1.0,6265.0
1.0,1,0.2,6.0,20,6.0,20,2.0,100,10.0,0.0,1.0,0.75,20,10.0,1.0,4.0,0.5,0.5,0.5,0.5,20,2,2.0,10.0,0.2,50.0,100.0,9,1,1.0,4118.0
1.0,1,0.2,6.0,20,6.0,20,2.0,100,10.0,0.0,1.0,0.75,20,10.0,1.0,4.0,0.5,0.5,0.5,0.5,20,2,2.0,10.0,0.2,50.0,100.0,13,1,0.6666666666666666,3784.0
1.0,1,0.2,6.0,20,6.0,20,2.0,100,10.0,0.0,1.0,0.75,20,10.0,1.0,4.0,0.5,0.5,0.5,0.5,20,2,2.0,10.0,0.2,50.0,100.0,11,3,0.0,2432.0
1.0,1,0.2,6.0,20,6.0,20,2.0,100,10.0,0.0,1.0,0.75,20,10.0,1.0,4.0,0.5,0.5,0.5,0.5,20,2,2.0,10.0,0.2,50.0,100.0,14,1,0.6666666666666666,4741.0
1.0,1,0.2,6.0,20,6.0,20,2.0,100,10.0,0.0,1.0,0.75,20,10.0,1.0,4.0,0.5,0.5,0.5,0.5,20,2,2.0,10.0,0.2,50.0,100.0,16,1,1.0,6469.0
1.0,1,0.2,6.0,20,6.0,20,2.0,100,10.0,0.0,1.0,0.75,20,10.0,1.0,4.0,0.5,0.5,0.5,0.5,20,2,2.0,10.0,0.2,50.0,100.0,13,2,1.0,6550.0
1.0,1,0.2,6.0,20,6.0,20,2.0,100,10.0,0.0,1.0,0.75,20,10.0,1.0,4.0,0.5,0.5,0.5,0.5,20,2,2.0,10.0,0.2,50.0,100.0,14,1,0.3333333333333333,4437.0
1.0,1,0.2,6.0,20,6.0,20,2.0,100,10.0,0.0,1.0,0.75,20,10.0,1.0,4.0,0.5,0.5,0.5,0.5,20,2,2.0,10.0,0.2,50.0,100.0,16,2,1.0,5082.0
1.0,1,0.2,6.0,20,6.0,20,2.0,100,10.0,0.0,1.0,0.75,20,10.0,1.0,4.0,0.5,0.5,0.5,0.5,20,2,2.0,10.0,0.2,50.0,100.0,8,3,0.0,3046.0
1.0,1,0.2,6.0,20,6.0,20,2.0,100,10.0,0.0,1.0,0.75,20,10.0,1.0,4.0,0.5,0.5,0.5,0.5,20,2,2.0,10.0,0.2,50.0,100.0,13,2,0.0,3166.0
1.0,1,0.2,6.0,20,6.0,20,2.0,100,10.0,0.0,1.0,0.75,20,10.0,1.0,4.0,0.5,0.5,0.5,0.5,20,2,2.0,10.0,0.2,50.0,100.0,13,1,1.0,4754.0
1.0,1,0.2,6.0,20,6.0,20,2.0,100,10.0,0.0,1.0,0.75,20,10.0,1.0,4.0,0.5,0.5,0.5,0.5,20,2,2.0,10.0,0.2,50.0,100.0,9,4,0.0,2512.0
1.0,1,0.2,6.0,20,6.0,20,2.0,100,10.0,0.0,1.0,0.75,20,10.0,1.0,4.0,0.5,0.5,0.5,0.5,20,2,2.0,10.0,0.2,50.0,100.0,14,1,0.3333333333333333,3874.0
1.0,1,0.2,6.0,20,6.0,20,2.0,100,10.0,0.0,1.0,0.75,20,10.0,1.0,4.0,0.5,0.5,0.5,0.5,20,2,2.0,10.0,0.2,50.0,100.0,13,2,0.6666666666666666,5064.0
1.0,1,0.2,6.0,20,6.0,20,2.0,100,10.0,0.0,1.0,0.75,20,10.0,1.0,4.0,0.5,0.5,0.5,0.5,20,2,2.0,10.0,0.2,50.0,100.0,14,2,1.0,5618.0
1.0,1,0.2,6.0,20,6.0,20,2.0,100,10.0,0.0,1.0,0.75,20,10.0,1.0,4.0,0.5,0.5,0.5,0.5,20,2,2.0,10.0,0.2,50.0,100.0,11,4,0.3333333333333333,4776.0
1.0,1,0.2,6.0,20,6.0,20,2.0,100,10.0,0.0,1.0,0.75,20,10.0,1.0,4.0,0.5,0.5,0.5,0.5,20,2,2.0,10.0,0.2,50.0,100.0,12,2,0.6666666666666666,3961.0
1.0,1,0.2,6.0,20,6.0,20,2.0,100,10.0,0.0,1.0,0.75,20,10.0,1.0,4.0,0.5,0.5,0.5,0.5,20,2,2.0,10.0,0.2,50.0,100.0,8,2,1.0,4720.0
1.0,1,0.2,6.0,20,6.0,20,2.0,100,10.0,0.0,1.0,0.75,20,10.0,1.0,4.0,0.5,0.5,0.5,0.5,20,2,2.0,10.0,0.2,50.0,100.0,12,1,1.0,4389.0
1.0,1,0.2,6.0,20,6.0,20,2.0,100,10.0,0.0,1.0,0.75,20,10.0,1.0,4.0,0.5,0.5,0.5,0.5,20,2,2.0,10.0,0.2,50.0,100.0,12,3,1.0,5306.0
1.0,1,0.2,6.0,20,6.0,20,2.0,100,10.0,0.0,1.0,0.75,20,10.0,1.0,4.0,0.5,0.5,0.5,0.5,20,2,2.0,10.0,0.2,50.0,100.0,11,2,0.6666666666666666,3775.0
1.0,1,0.2,6.0,20,6.0,20,2.0,100,10.0,0.0,1.0,0.75,20,10.0,1.0,4.0,0.5,0.5,0.5,0.5,20,2,2.0,10.0,0.2,50.0,100.0,13,2,0.6666666666666666,4175.0
1.0,1,0.2,6.0,20,6.0,20,2.0,100,10.0,0.0,1.0,0.75,20,10.0,1.0,4.0,0.5,0.5,0.5,0.5,20,2,2.0,10.0,0.2,50.0,100.0,15,3,0.6666666666666666,4983.0
1.0,1,0.2,6.0,20,6.0,20,2.0,100,10.0,0.0,1.0,0.75,20,10.0,1.0,4.0,0.5,0.5,0.5,0.5,20,2,2.0,10.0,0.2,50.0,100.0,10,2,0.3333333333333333,3506.0
1.0,1,0.2,6.0,20,6.0,20,2.0,100,10.0,0.0,1.0,0.75,20,10.0,1.0,4.0,0.5,0.5,0.5,0.5,20,2,2.0,10.0,0.2,50.0,100.0,15,3,0.0,3009.0
1.0,1,0.2,6.0,20,6.0,20,2.0,100,10.0,0.0,1.0,0.75,20,10.0,1.0,4.0,0.5,0.5,0.5,0.5,20,2,2.0,10.0,0.2,50.0,100.0,12,1,1.0,4633.0
1.0,1,0.2,6.0,20,6.0,20,2.0,100,10.0,0.0,1.0,0.75,20,10.0,1.0,4.0,0.5,0.5,0.5,0.5,20,2,2.0,10.0,0.2,50.0,100.0,11,3,0.3333333333333333,3894.0
1.0,1,0.2,6.0,20,6.0,20,2.0,100,10.0,0.0,1.0,0.75,20,10.0,1.0,4.0,0.5,0.5,0.5,0.5,20,2,2.0,10.0,0.2,50.0,100.0,14,4,0.3333333333333333,3873.0
1.0,1,0.2,6.0,20,6.0,20,2.0,100,10.0,0.0,1.0,0.75,20,10.0,1.0,4.0,0.5,0.5,0.5,0.5,20,2,2.0,10.0,0.2,50.0,100.0,10,2,0.6666666666666666,4423.0
1.0,1,0.2,6.0,20,6.0,20,2.0,100,10.0,0.0,1.0,0.75,20,10.0,1.0,4.0,0.5,0.5,0.5,0.5,20,2,2.0,10.0,0.2,50.0,100.0,16,1,1.0,4219.0
1.0,1,0.2,6.0,20,6.0,20,2.0,100,10.0,0.0,1.0,0.75,20,10.0,1.0,4.0,0.5,0.5,0.5,0.5,20,2,2.0,10.0,0.2,50.0,100.0,12,3,0.6666666666666666,4004.0
1.0,1,0.2,6.0,20,6.0,20,2.0,100,10.0,0.0,1.0,0.75,20,10.0,1.0,4.0,0.5,0.5,0.5,0.5,20,2,2.0,10.0,0.2,50.0,100.0,17,4,1.0,6860.0
1.0,1,0.2,6.0,20,6.0,20,2.0,100,10.0,0.0,1.0,0.75,20,10.0,1.0,4.0,0.5,0.5,0.5,0.5,20,2,2.0,10.0,0.2,50.0,100.0,9,2,1.0,4164.0
1.0,1,0.2,6.0,20,6.0,20,2.0,100,10.0,0.0,1.0,0.75,20,10.0,1.0,4.0,0.5,0.5,0.5,0.5,20,2,2.0,10.0,0.2,50.0,100.0,5,2,0.0,2369.0
1.0,1,0.2,6.0,20,6.0,20,2.0,100,10.0,0.0,1.0,0.75,20,10.0,1.0,4.0,0.5,0.5,0.5,0.5,20,2,2.0,10.0,0.2,50.0,100.0,14,3,0.6666666666666666,4532.0
1.0,1,0.2,6.0,20,6.0,20,2.0,100,10.0,0.0,1.0,0.75,20,10.0,1.0,4.0,0.5,0.5,0.5,0.5,20,2,2.0,10.0,0.2,50.0,100.0,12,2,1.0,4175.0
1.0,1,0.2,6.0,20,6.0,20,2.0,100,10.0,0.0,1.0,0.75,20,10.0,1.0,4.0,0.5,0.5,0.5,0.5,20,2,2.0,10.0,0.2,50.0,100.0,11,2,0.0,3601.0
1.0,1,0.2,6.0,20,6.0,20,2.0,100,10.0,0.0,1.0,0.75,20,10.0,1.0,4.0,0.5,0.5,0.5,0.5,20,2,2.0,10.0,0.2,50.0,100.0,10,2,0.3333333333333333,4500.0
1.0,1,0.2,6.0,20,6.0,20,2.0,100,10.0,0.0,1.0,0.75,20,10.0,1.0,4.0,0.5,0.5,0.5,0.5,20,2,2.0,10.0,0.2,50.0,100.0,15,2,1.0,4710.0
1.0,1,0.2,6.0,20,6.0,20,2.0,100,10.0,0.0,1.0,0.75,20,10.0,1.0,4.0,0.5,0.5,0.5,0.5,20,2,2.0,10.0,0.2,50.0,100.0,4,4,0.0,2275.0
1.0,1,0.2,6.0,20,6.0,20,2.0,100,10.0,0.0,1.0,0.75,20,10.0,1.0,4.0,0.5,0.5,0.5,0.5,20,2,2.0,10.0,0.2,50.0,100.0,15,2,0.6666666666666666,4751.0
1.0,1,0.2,6.0,20,6.0,20,2.0,100,10.0,0.0,1.0,0.75,20,10.0,1.0,4.0,0.5,0.5,0.5,0.5,20,2,2.0,10.0,0.2,50.0,100.0,16,2,0.6666666666666666,4618.0
1.0,1,0.2,6.0,20,6.0,20,2.0,100,10.0,0.0,1.0,0.75,20,10.0,1.0,4.0,0.5,0.5,0.5,0.5,20,2,2.0,10.0,0.2,50.0,100.0,17,2,1.0,5501.0
1.0,1,0.2,6.0,20,6.0,20,2.0,100,10.0,0.0,1.0,0.75,20,10.0,1.0,4.0,0.5,0.5,0.5,0.5,20,2,2.0,10.0,0.2,50.0,100.0,12,3,0.3333333333333333,3648.0
1.0,1,0.2,6.0,20,6.0,20,2.0,100,10.0,0.0,1.0,0.75,20,10.0,1.0,4.0,0.5,0.5,0.5,0.5,20,2,2.0,10.0,0.2,50.0,100.0,14,5,1.0,6058.0
1.0,1,0.2,6.0,20,6.0,20,2.0,100,10.0,0.0,1.0,0.75,20,10.0,1.0,4.0,0.5,0.5,0.5,0.5,20,2,2.0,10.0,0.2,50.0,100.0,10,1,0.3333333333333333,4208.0
1.0,1,0.2,6.0,20,6.0,20,2.0,100,10.0,0.0,1.0,0.75,20,10.0,1.0,4.0,0.5,0.5,0.5,0.5,20,2,2.0,10.0,0.2,50.0,100.0,13,4,0.0,3297.0
1.0,1,0.2,6.0,20,6.0,20,2.0,100,10.0,0.0,1.0,0.75,20,10.0,1.0,4.0,0.5,0.5,0.5,0.5,20,2,2.0,10.0,0.2,50.0,100.0,12,2,1.0,4583.0
1.0,1,0.2,6.0,20,6.0,20,2.0,100,10.0,0.0,1.0,0.75,20,10.0,1.0,4.0,0.5,0.5,0.5,0.5,20,2,2.0,10.0,0.2,50.0,100.0,11,2,1.0,4837.0
1.0,1,0.2,6.0,20,6.0,20,2.0,100,10.0,0.0,1.0,0.75,20,10.0,1.0,4.0,0.5,0.5,0.5,0.5,20,2,2.0,10.0,0.2,50.0,100.0,7,3,0.3333333333333333,3466.0
1.0,1,0.2,6.0,20,6.0,20,2.0,100,10.0,0.0,1.0,0.75,20,10.0,1.0,4.0,0.5,0.5,0.5,0.5,20,2,2.0,10.0,0.2,50.0,100.0,11,1,1.0,5509.0
1.0,1,0.2,6.0,20,6.0,20,2.0,100,10.0,0.0,1.0,0.75,20,10.0,1.0,4.0,0.5,0.5,0.5,0.5,20,2,2.0,10.0,0.2,50.0,100.0,8,2,0.0,3960.0
1.0,1,0.2,6.0,20,6.0,20,2.0,100,10.0,0.0,1.0,0.75,20,10.0,1.0,4.0,0.5,0.5,0.5,0.5,20,2,2.0,10.0,0.2,50.0,100.0,12,1,0.0,3504.0
1.0,1,0.2,6.0,20,6.0,20,2.0,100,10.0,0.0,1.0,0.75,20,10.0,1.0,4.0,0.5,0.5,0.5,0.5,20,2,2.0,10.0,0.2,50.0,100.0,10,3,1.0,4345.0
1.0,1,0.2,6.0,20,6.0,20,2.0,100,10.0,0.0,1.0,0.75,20,10.0,1.0,4.0,0.5,0.5,0.5,0.5,20,2,2.0,10.0,0.2,50.0,100.0,8,7,0.3333333333333333,3488.0
1.0,1,0.2,6.0,20,6.0,20,2.0,100,10.0,0.0,1.0,0.75,20,10.0,1.0,4.0,0.5,0.5,0.5,0.5,20,2,2.0,10.0,0.2,50.0,100.0,8,1,0.0,2519.0
1.0,1,0.2,6.0,20,6.0,20,2.0,100,10.0,0.0,1.0,0.75,20,10.0,1.0,4.0,0.5,0.5,0.5,0.5,20,2,2.0,10.0,0.2,50.0,100.0,12,1,0.6666666666666666,3903.0
1.0,1,0.2,6.0,20,6.0,20,2.0,100,10.0,0.0,1.0,0.75,20,10.0,1.0,4.0,0.5,0.5,0.5,0.5,20,2,2.0,10.0,0.2,50.0,100.0,13,1,1.0,5318.0
1.0,1,0.2,6.0,20,6.0,20,2.0,100,10.0,0.0,1.0,0.75,20,10.0,1.0,4.0,0.5,0.5,0.5,0.5,20,2,2.0,10.0,0.2,50.0,100.0,11,4,0.0,3018.0
1.0,1,0.2,6.0,20,6.0,20,2.0,100,10.0,0.0,1.0,0.75,20,10.0,1.0,4.0,0.5,0.5,0.5,0.5,20,2,2.0,10.0,0.2,50.0,100.0,9,2,0.6666666666666666,4534.0
1.0,1,0.2,6.0,20,6.0,20,2.0,100,10.0,0.0,1.0,0.75,20,10.0,1.0,4.0,0.5,0.5,0.5,0.5,20,2,2.0,10.0,0.2,50.0,100.0,14,1,1.0,5618.0
1.0,1,0.2,6.0,20,6.0,20,2.0,100,10.0,0.0,1.0,0.75,20,10.0,1.0,4.0,0.5,0.5,0.5,0.5,20,2,2.0,10.0,0.2,50.0,100.0,16,2,1.0,6668.0
1.0,1,0.2,6.0,20,6.0,20,2.0,100,10.0,0.0,1.0,0.75,20,10.0,1.0,4.0,0.5,0.5,0.5,0.5,20,2,2.0,10.0,0.2,50.0,100.0,13,2,1.0,4245.0
1.0,1,0.2,6.0,20,6.0,20,2.0,100,10.0,0.0,1.0,0.75,20,10.0,1.0,4.0,0.5,0.5,0.5,0.5,20,2,2.0,10.0,0.2,50.0,100.0,11,3,0.6666666666666666,3358.0
1.0,1,0.2,6.0,20,6.0,20,2.0,100,10.0,0.0,1.0,0.75,20,10.0,1.0,4.0,0.5,0.5,0.5,0.5,20,2,2.0,10.0,0.2,50.0,100.0,17,2,0.6666666666666666,4939.0
1.0,1,0.2,6.0,20,6.0,20,2.0,100,10.0,0.0,1.0,0.75,20,10.0,1.0,4.0,0.5,0.5,0.5,0.5,20,2,2.0,10.0,0.2,50.0,100.0,12,3,0.6666666666666666,4025.0
1.0,1,0.2,6.0,20,6.0,20,2.0,100,10.0,0.0,1.0,0.75,20,10.0,1.0,4.0,0.5,0.5,0.5,0.5,20,2,2.0,10.0,0.2,50.0,100.0,9,4,0.0,2702.0
1.0,1,0.2,6.0,20,6.0,20,2.0,100,10.0,0.0,1.0,0.75,20,10.0,1.0,4.0,0.5,0.5,0.5,0.5,20,2,2.0,10.0,0.2,50.0,100.0,15,2,1.0,4950.0
1.0,1,0.2,6.0,20,6.0,20,2.0,100,10.0,0.0,1.0,0.75,20,10.0,1.0,4.0,0.5,0.5,0.5,0.5,20,2,2.0,10.0,0.2,50.0,100.0,16,2,0.6666666666666666,4282.0
1.0,1,0.2,6.0,20,6.0,20,2.0,100,10.0,0.0,1.0,0.75,20,10.0,1.0,4.0,0.5,0.5,0.5,0.5,20,2,2.0,10.0,0.2,50.0,100.0,9,3,0.3333333333333333,3526.0
1.0,1,0.2,6.0,20,6.0,20,2.0,100,10.0,0.0,1.0,0.75,20,10.0,1.0,4.0,0.5,0.5,0.5,0.5,20,2,2.0,10.0,0.2,50.0,100.0,12,3,0.6666666666666666,3920.0
1.0,1,0.2,6.0,20,6.0,20,2.0,100,10.0,0.0,1.0,0.75,20,10.0,1.0,4.0,0.5,0.5,0.5,0.5,20,2,2.0,10.0,0.2,50.0,100.0,8,1,0.3333333333333333,4092.0
1.0,1,0.2,6.0,20,6.0,20,2.0,100,10.0,0.0,1.0,0.75,20,10.0,1.0,4.0,0.5,0.5,0.5,0.5,20,2,2.0,10.0,0.2,50.0,100.0,8,1,0.3333333333333333,3451.0
1.0,1,0.2,6.0,20,6.0,20,2.0,100,10.0,0.0,1.0,0.75,20,10.0,1.0,4.0,0.5,0.5,0.5,0.5,20,2,2.0,10.0,0.2,50.0,100.0,12,2,0.0,3087.0
1.0,1,0.2,6.0,20,6.0,20,2.0,100,10.0,0.0,1.0,0.75,20,10.0,1.0,4.0,0.5,0.5,0.5,0.5,20,2,2.0,10.0,0.2,50.0,100.0,13,2,1.0,4872.0
1.0,1,0.2,6.0,20,6.0,20,2.0,100,10.0,0.0,1.0,0.75,20,10.0,1.0,4.0,0.5,0.5,0.5,0.5,20,2,2.0,10.0,0.2,50.0,100.0,10,3,0.0,2489.0
1.0,1,0.2,6.0,20,6.0,20,2.0,100,10.0,0.0,1.0,0.75,20,10.0,1.0,4.0,0.5,0.5,0.5,0.5,20,2,2.0,10.0,0.2,50.0,100.0,11,1,0.6666666666666666,5031.0
1.0,1,0.2,6.0,20,6.0,20,2.0,100,10.0,0.0,1.0,0.75,20,10.0,1.0,4.0,0.5,0.5,0.5,0.5,20,2,2.0,10.0,0.2,50.0,100.0,17,2,0.6666666666666666,4484.0
1.0,1,0.2,6.0,20,6.0,20,2.0,100,10.0,0.0,1.0,0.75,20,10.0,1.0,4.0,0.5,0.5,0.5,0.5,20,2,2.0,10.0,0.2,50.0,100.0,15,2,1.0,3422.0
1.0,1,0.2,6.0,20,6.0,20,2.0,100,10.0,0.0,1.0,0.75,20,10.0,1.0,4.0,0.5,0.5,0.5,0.5,20,2,2.0,10.0,0.2,50.0,100.0,11,4,0.3333333333333333,3378.0
1.0,1,0.2,6.0,20,6.0,20,2.0,100,10.0,0.0,1.0,0.75,20,10.0,1.0,4.0,0.5,0.5,0.5,0.5,20,2,2.0,10.0,0.2,50.0,100.0,11,3,0.6666666666666666,3587.0
1.0,1,0.2,6.0,20,6.0,20,2.0,100,10.0,0.0,1.0,0.75,20,10.0,1.0,4.0,0.5,0.5,0.5,0.5,20,2,2.0,10.0,0.2,50.0,100.0,9,2,0.0,3104.0
1.0,1,0.2,6.0,20,6.0,20,2.0,100,10.0,0.0,1.0,0.75,20,10.0,1.0,4.0,0.5,0.5,0.5,0.5,20,2,2.0,10.0,0.2,50.0,100.0,15,2,1.0,4290.0
1.0,1,0.2,6.0,20,6.0,20,2.0,100,10.0,0.0,1.0,0.75,20,10.0,1.0,4.0,0.5,0.5,0.5,0.5,20,2,2.0,10.0,0.2,50.0,100.0,12,3,0.0,4306.0
1.0,1,0.2,6.0,20,6.0,20,2.0,100,10.0,0.0,1.0,0.75,20,10.0,1.0,4.0,0.5,0.5,0.5,0.5,20,2,2.0,10.0,0.2,50.0,100.0,10,2,0.6666666666666666,3979.0
1.0,1,0.2,6.0,20,6.0,20,2.0,100,10.0,0.0,1.0,0.75,20,10.0,1.0,4.0,0.5,0.5,0.5,0.5,20,2,2.0,10.0,0.2,50.0,100.0,12,3,0.3333333333333333,2992.0
1.0,1,0.2,6.0,20,6.0,20,2.0,100,10.0,0.0,1.0,0.75,20,10.0,1.0,4.0,0.5,0.5,0.5,0.5,20,2,2.0,10.0,0.2,50.0,100.0,13,2,0.6666666666666666,3626.0
1.0,1,0.2,6.0,20,6.0,20,2.0,100,10.0,0.0,1.0,0.75,20,10.0,1.0,4.0,0.5,0.5,0.5,0.5,20,2,2.0,10.0,0.2,50.0,100.0,11,2,1.0,4989.0
1.0,1,0.2,6.0,20,6.0,20,2.0,100,10.0,0.0,1.0,0.75,20,10.0,1.0,4.0,0.5,0.5,0.5,0.5,20,2,2.0,10.0,0.2,50.0,100.0,11,3,1.0,3739.0
1.0,1,0.2,6.0,20,6.0,20,2.0,100,10.0,0.0,1.0,0.75,20,10.0,1.0,4.0,0.5,0.5,0.5,0.5,20,2,2.0,10.0,0.2,50.0,100.0,17,1,0.3333333333333333,3851.0
1.0,1,0.2,6.0,20,6.0,20,2.0,100,10.0,0.0,1.0,0.75,20,10.0,1.0,4.0,0.5,0.5,0.5,0.5,20,2,2.0,10.0,0.2,50.0,100.0,13,1,0.6666666666666666,4187.0
1.0,1,0.2,6.0,20,6.0,20,2.0,100,10.0,0.0,1.0,0.75,20,10.0,1.0,4.0,0.5,0.5,0.5,0.5,20,2,2.0,10.0,0.2,50.0,100.0,14,1,1.0,4532.0
1.0,1,0.2,6.0,20,6.0,20,2.0,100,10.0,0.0,1.0,0.75,20,10.0,1.0,4.0,0.5,0.5,0.5,0.5,20,2,2.0,10.0,0.2,50.0,100.0,13,3,0.3333333333333333,3531.0
1.0,1,0.2,6.0,20,6.0,20,2.0,100,10.0,0.0,1.0,0.75,20,10.0,1.0,4.0,0.5,0.5,0.5,0.5,20,2,2.0,10.0,0.2,50.0,100.0,12,2,1.0,3498.0
1.0,1,0.2,6.0,20,6.0,20,2.0,100,10.0,0.0,1.0,0.75,20,10.0,1.0,4.0,0.5,0.5,0.5,0.5,20,2,2.0,10.0,0.2,50.0,100.0,15,5,1.0,4589.0
1.0,1,0.2,6.0,20,6.0,20,2.0,100,10.0,0.0,1.0,0.75,20,10.0,1.0,4.0,0.5,0.5,0.5,0.5,20,2,2.0,10.0,0.2,50.0,100.0,13,1,0.6666666666666666,3905.0
1.0,1,0.2,6.0,20,6.0,20,2.0,100,10.0,0.0,1.0,0.75,20,10.0,1.0,4.0,0.5,0.5,0.5,0.5,20,2,2.0,10.0,0.2,50.0,100.0,15,2,0.6666666666666666,4486.0
1.0,1,0.2,6.0,20,6.0,20,2.0,100,10.0,0.0,1.0,0.75,20,10.0,1.0,4.0,0.5,0.5,0.5,0.5,20,2,2.0,10.0,0.2,50.0,100.0,16,1,1.0,4508.0
1.0,1,0.2,6.0,20,6.0,20,2.0,100,10.0,0.0,1.0,0.75,20,10.0,1.0,4.0,0.5,0.5,0.5,0.5,20,2,2.0,10.0,0.2,50.0,100.0,15,2,0.6666666666666666,4576.0
1.0,1,0.2,6.0,20,6.0,20,2.0,100,10.0,0.0,1.0,0.75,20,10.0,1.0,4.0,0.5,0.5,0.5,0.5,20,2,2.0,10.0,0.2,50.0,100.0,11,3,1.0,7853.0
1.0,1,0.2,6.0,20,6.0,20,2.0,100,10.0,0.0,1.0,0.75,20,10.0,1.0,4.0,0.5,0.5,0.5,0.5,20,2,2.0,10.0,0.2,50.0,100.0,14,1,0.6666666666666666,4808.0
1.0,1,0.2,6.0,20,6.0,20,2.0,100,10.0,0.0,1.0,0.75,20,10.0,1.0,4.0,0.5,0.5,0.5,0.5,20,2,2.0,10.0,0.2,50.0,100.0,13,5,0.3333333333333333,3736.0
1.0,1,0.2,6.0,20,6.0,20,2.0,100,10.0,0.0,1.0,0.75,20,10.0,1.0,4.0,0.5,0.5,0.5,0.5,20,2,2.0,10.0,0.2,50.0,100.0,16,2,0.0,3955.0
1.0,1,0.2,6.0,20,6.0,20,2.0,100,10.0,0.0,1.0,0.75,20,10.0,1.0,4.0,0.5,0.5,0.5,0.5,20,2,2.0,10.0,0.2,50.0,100.0,16,3,0.3333333333333333,3783.0
1.0,1,0.2,6.0,20,6.0,20,2.0,100,10.0,0.0,1.0,0.75,20,10.0,1.0,4.0,0.5,0.5,0.5,0.5,20,2,2.0,10.0,0.2,50.0,100.0,10,2,0.0,2956.0
1.0,1,0.2,6.0,20,6.0,20,2.0,100,10.0,0.0,1.0,0.75,20,10.0,1.0,4.0,0.5,0.5,0.5,0.5,20,2,2.0,10.0,0.2,50.0,100.0,8,2,0.6666666666666666,3820.0
1.0,1,0.2,6.0,20,6.0,20,2.0,100,10.0,0.0,1.0,0.75,20,10.0,1.0,4.0,0.5,0.5,0.5,0.5,20,2,2.0,10.0,0.2,50.0,100.0,8,4,0.0,2213.0
1.0,1,0.2,6.0,20,6.0,20,2.0,100,10.0,0.0,1.0,0.75,20,10.0,1.0,4.0,0.5,0.5,0.5,0.5,20,2,2.0,10.0,0.2,50.0,100.0,19,2,1.0,6835.0
1.0,1,0.2,6.0,20,6.0,20,2.0,100,10.0,0.0,1.0,0.75,20,10.0,1.0,4.0,0.5,0.5,0.5,0.5,20,2,2.0,10.0,0.2,50.0,100.0,5,1,0.3333333333333333,4731.0
1.0,1,0.2,6.0,20,6.0,20,2.0,100,10.0,0.0,1.0,0.75,20,10.0,1.0,4.0,0.5,0.5,0.5,0.5,20,2,2.0,10.0,0.2,50.0,100.0,16,3,0.3333333333333333,4741.0
1.0,1,0.2,6.0,20,6.0,20,2.0,100,10.0,0.0,1.0,0.75,20,10.0,1.0,4.0,0.5,0.5,0.5,0.5,20,2,2.0,10.0,0.2,50.0,100.0,17,2,1.0,6055.0
1.0,1,0.2,6.0,20,6.0,20,2.0,100,10.0,0.0,1.0,0.75,20,10.0,1.0,4.0,0.5,0.5,0.5,0.5,20,2,2.0,10.0,0.2,50.0,100.0,10,2,1.0,4162.0
1.0,1,0.2,6.0,20,6.0,20,2.0,100,10.0,0.0,1.0,0.75,20,10.0,1.0,4.0,0.5,0.5,0.5,0.5,20,2,2.0,10.0,0.2,50.0,100.0,15,2,0.6666666666666666,4728.0
1.0,1,0.2,6.0,20,6.0,20,2.0,100,10.0,0.0,1.0,0.75,20,10.0,1.0,4.0,0.5,0.5,0.5,0.5,20,2,2.0,10.0,0.2,50.0,100.0,14,3,1.0,5600.0
1.0,1,0.2,6.0,20,6.0,20,2.0,100,10.0,0.0,1.0,0.75,20,10.0,1.0,4.0,0.5,0.5,0.5,0.5,20,2,2.0,10.0,0.2,50.0,100.0,13,1,1.0,6025.0
1.0,1,0.2,6.0,20,6.0,20,2.0,100,10.0,0.0,1.0,0.75,20,10.0,1.0,4.0,0.5,0.5,0.5,0.5,20,2,2.0,10.0,0.2,50.0,100.0,14,3,0.6666666666666666,8898.0
1.0,1,0.2,6.0,20,6.0,20,2.0,100,10.0,0.0,1.0,0.75,20,10.0,1.0,4.0,0.5,0.5,0.5,0.5,20,2,2.0,10.0,0.2,50.0,100.0,14,3,1.0,4017.0
1.0,1,0.2,6.0,20,6.0,20,2.0,100,10.0,0.0,1.0,0.75,20,10.0,1.0,4.0,0.5,0.5,0.5,0.5,20,2,2.0,10.0,0.2,50.0,100.0,15,3,0.3333333333333333,4068.0
1.0,1,0.2,6.0,20,6.0,20,2.0,100,10.0,0.0,1.0,0.75,20,10.0,1.0,4.0,0.5,0.5,0.5,0.5,20,2,2.0,10.0,0.2,50.0,100.0,15,3,0.3333333333333333,3825.0
1.0,1,0.2,6.0,20,6.0,20,2.0,100,10.0,0.0,1.0,0.75,20,10.0,1.0,4.0,0.5,0.5,0.5,0.5,20,2,2.0,10.0,0.2,50.0,100.0,11,3,0.3333333333333333,3536.0
1.0,1,0.2,6.0,20,6.0,20,2.0,100,10.0,0.0,1.0,0.75,20,10.0,1.0,4.0,0.5,0.5,0.5,0.5,20,2,2.0,10.0,0.2,50.0,100.0,16,4,0.6666666666666666,4748.0
1.0,1,0.2,6.0,20,6.0,20,2.0,100,10.0,0.0,1.0,0.75,20,10.0,1.0,4.0,0.5,0.5,0.5,0.5,20,2,2.0,10.0,0.2,50.0,100.0,12,2,0.0,2439.0
1.0,1,0.2,6.0,20,6.0,20,2.0,100,10.0,0.0,1.0,0.75,20,10.0,1.0,4.0,0.5,0.5,0.5,0.5,20,2,2.0,10.0,0.2,50.0,100.0,14,2,0.3333333333333333,4265.0
1.0,1,0.2,6.0,20,6.0,20,2.0,100,10.0,0.0,1.0,0.75,20,10.0,1.0,4.0,0.5,0.5,0.5,0.5,20,2,2.0,10.0,0.2,50.0,100.0,15,2,1.0,4481.0
1.0,1,0.2,6.0,20,6.0,20,2.0,100,10.0,0.0,1.0,0.75,20,10.0,1.0,4.0,0.5,0.5,0.5,0.5,20,2,2.0,10.0,0.2,50.0,100.0,4,2,0.0,3430.0
1.0,1,0.2,6.0,20,6.0,20,2.0,100,10.0,0.0,1.0,0.75,20,10.0,1.0,4.0,0.5,0.5,0.5,0.5,20,2,2.0,10.0,0.2,50.0,100.0,14,3,0.3333333333333333,3652.0
1.0,1,0.2,6.0,20,6.0,20,2.0,100,10.0,0.0,1.0,0.75,20,10.0,1.0,4.0,0.5,0.5,0.5,0.5,20,2,2.0,10.0,0.2,50.0,100.0,9,5,0.0,2387.0
1.0,1,0.2,6.0,20,6.0,20,2.0,100,10.0,0.0,1.0,0.75,20,10.0,1.0,4.0,0.5,0.5,0.5,0.5,20,2,2.0,10.0,0.2,50.0,100.0,14,3,0.6666666666666666,4042.0
1.0,1,0.2,6.0,20,6.0,20,2.0,100,10.0,0.0,1.0,0.75,20,10.0,1.0,4.0,0.5,0.5,0.5,0.5,20,2,2.0,10.0,0.2,50.0,100.0,13,3,1.0,4880.0
1.0,1,0.2,6.0,20,6.0,20,2.0,100,10.0,0.0,1.0,0.75,20,10.0,1.0,4.0,0.5,0.5,0.5,0.5,20,2,2.0,10.0,0.2,50.0,100.0,12,2,1.0,3748.0
1.0,1,0.2,6.0,20,6.0,20,2.0,100,10.0,0.0,1.0,0.75,20,10.0,1.0,4.0,0.5,0.5,0.5,0.5,20,2,2.0,10.0,0.2,50.0,100.0,12,3,0.0,3499.0
1.0,1,0.2,6.0,20,6.0,20,2.0,100,10.0,0.0,1.0,0.75,20,10.0,1.0,4.0,0.5,0.5,0.5,0.5,20,2,2.0,10.0,0.2,50.0,100.0,15,3,0.6666666666666666,3217.0
1.0,1,0.2,6.0,20,6.0,20,2.0,100,10.0,0.0,1.0,0.75,20,10.0,1.0,4.0,0.5,0.5,0.5,0.5,20,2,2.0,10.0,0.2,50.0,100.0,17,3,0.3333333333333333,3332.0
1.0,1,0.2,6.0,20,6.0,20,2.0,100,10.0,0.0,1.0,0.75,20,10.0,1.0,4.0,0.5,0.5,0.5,0.5,20,2,2.0,10.0,0.2,50.0,100.0,12,3,0.0,3069.0
1.0,1,0.2,6.0,20,6.0,20,2.0,100,10.0,0.0,1.0,0.75,20,10.0,1.0,4.0,0.5,0.5,0.5,0.5,20,2,2.0,10.0,0.2,50.0,100.0,13,3,0.0,3391.0
1.0,1,0.2,6.0,20,6.0,20,2.0,100,10.0,0.0,1.0,0.75,20,10.0,1.0,4.0,0.5,0.5,0.5,0.5,20,2,2.0,10.0,0.2,50.0,100.0,13,2,1.0,3637.0
