halite_config_setting_divisor,max_ship_to_base_ratio,min_spawns_after_conversions,max_conversions_per_step,friendly_ship_halite_conversion_constant,friendly_bases_conversion_constant,nearby_halite_conversion_constant,conversion_score_threshold,halite_collect_constant,nearby_halite_move_constant,nearby_onto_halite_move_constant,nearby_ships_move_constant,nearby_base_move_constant,nearby_move_onto_base_constant,halite_dropoff_constant,max_spawns_per_step,nearby_ship_halite_spawn_constant,nearby_halite_spawn_constant,remaining_budget_spawn_constant,spawn_score_threshold,terminal_num_ships,terminal_num_bases,episode_reward,terminal_halite
593.9321535345923,4.8607574654896775,1,5,0.0006033646151231493,1.8065901239245008,0.00045062407488981603,0.9273255210020586,0.11646460884401352,0.0040692023360723775,0.02574191194489452,0.032721782443757286,0.047379007500858564,0.010212514740734658,0.0915196536533548,5,0.0021791245849667553,0.0048563104590451074,0.0015614031216505805,8.5709598419428,50,11,1.0,8992.0
593.9321535345923,4.8607574654896775,1,5,0.0006033646151231493,1.8065901239245008,0.00045062407488981603,0.9273255210020586,0.11646460884401352,0.0040692023360723775,0.02574191194489452,0.032721782443757286,0.047379007500858564,0.010212514740734658,0.0915196536533548,5,0.0021791245849667553,0.0048563104590451074,0.0015614031216505805,8.5709598419428,2,3,0.0,164.0
593.9321535345923,4.8607574654896775,1,5,0.0006033646151231493,1.8065901239245008,0.00045062407488981603,0.9273255210020586,0.11646460884401352,0.0040692023360723775,0.02574191194489452,0.032721782443757286,0.047379007500858564,0.010212514740734658,0.0915196536533548,5,0.0021791245849667553,0.0048563104590451074,0.0015614031216505805,8.5709598419428,5,2,1.0,4999.0
593.9321535345923,4.8607574654896775,1,5,0.0006033646151231493,1.8065901239245008,0.00045062407488981603,0.9273255210020586,0.11646460884401352,0.0040692023360723775,0.02574191194489452,0.032721782443757286,0.047379007500858564,0.010212514740734658,0.0915196536533548,5,0.0021791245849667553,0.0048563104590451074,0.0015614031216505805,8.5709598419428,11,3,1.0,10531.0
593.9321535345923,4.8607574654896775,1,5,0.0006033646151231493,1.8065901239245008,0.00045062407488981603,0.9273255210020586,0.11646460884401352,0.0040692023360723775,0.02574191194489452,0.032721782443757286,0.047379007500858564,0.010212514740734658,0.0915196536533548,5,0.0021791245849667553,0.0048563104590451074,0.0015614031216505805,8.5709598419428,1,1,0.6666666666666666,6204.0
917.9593465714644,5.262095275074275,1,5,0.00038297924296728185,1.6538936086167406,2.151639147065725e-05,-0.1519354962203161,0.06855881317568878,0.0028076485883889663,0.011256540176926582,0.04835930887453895,0.015125093789452837,0.01127566639491952,0.05535803445324936,2,0.002813268093581744,0.0019041597825892207,0.003721080604184119,5.700953397142267,9,2,0.6666666666666666,5825.0
917.9593465714644,5.262095275074275,1,5,0.00038297924296728185,1.6538936086167406,2.151639147065725e-05,-0.1519354962203161,0.06855881317568878,0.0028076485883889663,0.011256540176926582,0.04835930887453895,0.015125093789452837,0.01127566639491952,0.05535803445324936,2,0.002813268093581744,0.0019041597825892207,0.003721080604184119,5.700953397142267,13,3,0.6666666666666666,6253.0
917.9593465714644,5.262095275074275,1,5,0.00038297924296728185,1.6538936086167406,2.151639147065725e-05,-0.1519354962203161,0.06855881317568878,0.0028076485883889663,0.011256540176926582,0.04835930887453895,0.015125093789452837,0.01127566639491952,0.05535803445324936,2,0.002813268093581744,0.0019041597825892207,0.003721080604184119,5.700953397142267,5,1,0.3333333333333333,5754.0
917.9593465714644,5.262095275074275,1,5,0.00038297924296728185,1.6538936086167406,2.151639147065725e-05,-0.1519354962203161,0.06855881317568878,0.0028076485883889663,0.011256540176926582,0.04835930887453895,0.015125093789452837,0.01127566639491952,0.05535803445324936,2,0.002813268093581744,0.0019041597825892207,0.003721080604184119,5.700953397142267,6,2,0.3333333333333333,4148.0
917.9593465714644,5.262095275074275,1,5,0.00038297924296728185,1.6538936086167406,2.151639147065725e-05,-0.1519354962203161,0.06855881317568878,0.0028076485883889663,0.011256540176926582,0.04835930887453895,0.015125093789452837,0.01127566639491952,0.05535803445324936,2,0.002813268093581744,0.0019041597825892207,0.003721080604184119,5.700953397142267,9,2,1.0,2629.0
402.4920397598986,5.522712492188318,1,8,0.0006228607823745893,3.8679750379459685,0.0005907495498829723,0.3513782952885336,0.1546477142955078,0.0020027236591427847,0.028970705239707007,0.04691026440901462,0.03068859838059785,0.029308439711677712,0.1855884944803411,6,0.004337388372723669,0.0036823050718481727,0.004899959249106179,2.3090631833032056,3,1,0.6666666666666666,5413.0
402.4920397598986,5.522712492188318,1,8,0.0006228607823745893,3.8679750379459685,0.0005907495498829723,0.3513782952885336,0.1546477142955078,0.0020027236591427847,0.028970705239707007,0.04691026440901462,0.03068859838059785,0.029308439711677712,0.1855884944803411,6,0.004337388372723669,0.0036823050718481727,0.004899959249106179,2.3090631833032056,10,3,0.0,887.0
402.4920397598986,5.522712492188318,1,8,0.0006228607823745893,3.8679750379459685,0.0005907495498829723,0.3513782952885336,0.1546477142955078,0.0020027236591427847,0.028970705239707007,0.04691026440901462,0.03068859838059785,0.029308439711677712,0.1855884944803411,6,0.004337388372723669,0.0036823050718481727,0.004899959249106179,2.3090631833032056,5,1,0.3333333333333333,4229.0
402.4920397598986,5.522712492188318,1,8,0.0006228607823745893,3.8679750379459685,0.0005907495498829723,0.3513782952885336,0.1546477142955078,0.0020027236591427847,0.028970705239707007,0.04691026440901462,0.03068859838059785,0.029308439711677712,0.1855884944803411,6,0.004337388372723669,0.0036823050718481727,0.004899959249106179,2.3090631833032056,8,2,0.6666666666666666,6643.0
402.4920397598986,5.522712492188318,1,8,0.0006228607823745893,3.8679750379459685,0.0005907495498829723,0.3513782952885336,0.1546477142955078,0.0020027236591427847,0.028970705239707007,0.04691026440901462,0.03068859838059785,0.029308439711677712,0.1855884944803411,6,0.004337388372723669,0.0036823050718481727,0.004899959249106179,2.3090631833032056,4,1,0.0,7373.0
735.7695199003099,2.0983080972278643,2,6,0.00026126186350254534,1.1479652121517123,0.0003265647991289838,0.9111367879608416,0.08946756928755809,0.003418264400751718,0.01500457423298554,0.03535926612029533,0.03231420552946305,0.009975500101596093,0.0969055083895546,9,0.001709797729816464,0.0005316654479557302,0.0013315046903665472,7.424157275191297,0,1,0.0,3000.0
735.7695199003099,2.0983080972278643,2,6,0.00026126186350254534,1.1479652121517123,0.0003265647991289838,0.9111367879608416,0.08946756928755809,0.003418264400751718,0.01500457423298554,0.03535926612029533,0.03231420552946305,0.009975500101596093,0.0969055083895546,9,0.001709797729816464,0.0005316654479557302,0.0013315046903665472,7.424157275191297,0,1,0.0,3000.0
735.7695199003099,2.0983080972278643,2,6,0.00026126186350254534,1.1479652121517123,0.0003265647991289838,0.9111367879608416,0.08946756928755809,0.003418264400751718,0.01500457423298554,0.03535926612029533,0.03231420552946305,0.009975500101596093,0.0969055083895546,9,0.001709797729816464,0.0005316654479557302,0.0013315046903665472,7.424157275191297,0,3,0.6666666666666666,4628.0
735.7695199003099,2.0983080972278643,2,6,0.00026126186350254534,1.1479652121517123,0.0003265647991289838,0.9111367879608416,0.08946756928755809,0.003418264400751718,0.01500457423298554,0.03535926612029533,0.03231420552946305,0.009975500101596093,0.0969055083895546,9,0.001709797729816464,0.0005316654479557302,0.0013315046903665472,7.424157275191297,0,2,0.6666666666666666,3537.0
735.7695199003099,2.0983080972278643,2,6,0.00026126186350254534,1.1479652121517123,0.0003265647991289838,0.9111367879608416,0.08946756928755809,0.003418264400751718,0.01500457423298554,0.03535926612029533,0.03231420552946305,0.009975500101596093,0.0969055083895546,9,0.001709797729816464,0.0005316654479557302,0.0013315046903665472,7.424157275191297,43,22,0.6666666666666666,15806.0
485.54066179527047,5.6926360846949615,1,8,0.0009728347216500053,2.8081361657971327,0.0004813073237546032,0.5832290756338758,0.18776396013240693,0.002616788137347873,0.03984797467917285,0.028783525619188063,0.02141733910484488,0.026196309105942832,0.16929549566620045,7,0.0016966141424173446,0.003292854205011568,0.0021929831948220508,8.488151747625045,11,3,0.6666666666666666,6714.0
485.54066179527047,5.6926360846949615,1,8,0.0009728347216500053,2.8081361657971327,0.0004813073237546032,0.5832290756338758,0.18776396013240693,0.002616788137347873,0.03984797467917285,0.028783525619188063,0.02141733910484488,0.026196309105942832,0.16929549566620045,7,0.0016966141424173446,0.003292854205011568,0.0021929831948220508,8.488151747625045,6,2,0.3333333333333333,4359.0
485.54066179527047,5.6926360846949615,1,8,0.0009728347216500053,2.8081361657971327,0.0004813073237546032,0.5832290756338758,0.18776396013240693,0.002616788137347873,0.03984797467917285,0.028783525619188063,0.02141733910484488,0.026196309105942832,0.16929549566620045,7,0.0016966141424173446,0.003292854205011568,0.0021929831948220508,8.488151747625045,7,2,0.6666666666666666,4160.0
485.54066179527047,5.6926360846949615,1,8,0.0009728347216500053,2.8081361657971327,0.0004813073237546032,0.5832290756338758,0.18776396013240693,0.002616788137347873,0.03984797467917285,0.028783525619188063,0.02141733910484488,0.026196309105942832,0.16929549566620045,7,0.0016966141424173446,0.003292854205011568,0.0021929831948220508,8.488151747625045,3,2,1.0,3290.0
485.54066179527047,5.6926360846949615,1,8,0.0009728347216500053,2.8081361657971327,0.0004813073237546032,0.5832290756338758,0.18776396013240693,0.002616788137347873,0.03984797467917285,0.028783525619188063,0.02141733910484488,0.026196309105942832,0.16929549566620045,7,0.0016966141424173446,0.003292854205011568,0.0021929831948220508,8.488151747625045,8,3,0.6666666666666666,4150.0
161.50273969496288,4.003312760006486,0,5,0.0013254881722585766,1.4881174497423384,0.0005888760711290184,0.15721996023420035,0.5212300124237668,0.005897722141518365,0.0699531552654904,0.012352348837378485,0.12008354262221033,0.04824656541252508,0.3124553788158361,6,0.009411262334776613,0.012997086499207746,0.003841932679501805,5.0828276784362645,17,6,0.0,1552.0
161.50273969496288,4.003312760006486,0,5,0.0013254881722585766,1.4881174497423384,0.0005888760711290184,0.15721996023420035,0.5212300124237668,0.005897722141518365,0.0699531552654904,0.012352348837378485,0.12008354262221033,0.04824656541252508,0.3124553788158361,6,0.009411262334776613,0.012997086499207746,0.003841932679501805,5.0828276784362645,4,6,0.0,2064.0
161.50273969496288,4.003312760006486,0,5,0.0013254881722585766,1.4881174497423384,0.0005888760711290184,0.15721996023420035,0.5212300124237668,0.005897722141518365,0.0699531552654904,0.012352348837378485,0.12008354262221033,0.04824656541252508,0.3124553788158361,6,0.009411262334776613,0.012997086499207746,0.003841932679501805,5.0828276784362645,6,2,0.0,1701.0
161.50273969496288,4.003312760006486,0,5,0.0013254881722585766,1.4881174497423384,0.0005888760711290184,0.15721996023420035,0.5212300124237668,0.005897722141518365,0.0699531552654904,0.012352348837378485,0.12008354262221033,0.04824656541252508,0.3124553788158361,6,0.009411262334776613,0.012997086499207746,0.003841932679501805,5.0828276784362645,4,2,0.0,969.0
161.50273969496288,4.003312760006486,0,5,0.0013254881722585766,1.4881174497423384,0.0005888760711290184,0.15721996023420035,0.5212300124237668,0.005897722141518365,0.0699531552654904,0.012352348837378485,0.12008354262221033,0.04824656541252508,0.3124553788158361,6,0.009411262334776613,0.012997086499207746,0.003841932679501805,5.0828276784362645,11,3,0.0,1834.0
674.2761379500554,4.3404364012242365,0,9,0.0001793965526878875,3.6495124098205203,0.00023847080946731182,-0.9686477679001722,0.09971450145455037,0.003304482916487157,0.022074533031244292,0.0492063614976397,0.02308438778969389,0.014681712561394824,0.13508352378951471,6,0.00182165410634642,0.0012289184728901375,0.002023357113344298,7.333555636156219,4,6,0.6666666666666666,3727.0
674.2761379500554,4.3404364012242365,0,9,0.0001793965526878875,3.6495124098205203,0.00023847080946731182,-0.9686477679001722,0.09971450145455037,0.003304482916487157,0.022074533031244292,0.0492063614976397,0.02308438778969389,0.014681712561394824,0.13508352378951471,6,0.00182165410634642,0.0012289184728901375,0.002023357113344298,7.333555636156219,11,6,0.6666666666666666,4720.0
674.2761379500554,4.3404364012242365,0,9,0.0001793965526878875,3.6495124098205203,0.00023847080946731182,-0.9686477679001722,0.09971450145455037,0.003304482916487157,0.022074533031244292,0.0492063614976397,0.02308438778969389,0.014681712561394824,0.13508352378951471,6,0.00182165410634642,0.0012289184728901375,0.002023357113344298,7.333555636156219,9,3,0.3333333333333333,3779.0
674.2761379500554,4.3404364012242365,0,9,0.0001793965526878875,3.6495124098205203,0.00023847080946731182,-0.9686477679001722,0.09971450145455037,0.003304482916487157,0.022074533031244292,0.0492063614976397,0.02308438778969389,0.014681712561394824,0.13508352378951471,6,0.00182165410634642,0.0012289184728901375,0.002023357113344298,7.333555636156219,4,2,0.3333333333333333,3032.0
674.2761379500554,4.3404364012242365,0,9,0.0001793965526878875,3.6495124098205203,0.00023847080946731182,-0.9686477679001722,0.09971450145455037,0.003304482916487157,0.022074533031244292,0.0492063614976397,0.02308438778969389,0.014681712561394824,0.13508352378951471,6,0.00182165410634642,0.0012289184728901375,0.002023357113344298,7.333555636156219,0,2,0.0,500.0
686.3538001026786,3.52789633147868,1,6,0.0003539794593311322,1.7055107432338699,0.0001978828769253952,-0.6665906659274534,0.12211440792370908,0.003719007096907714,0.02526819371981972,0.026783410760245138,0.013336284250246086,0.022841409467078442,0.0766848827189263,4,0.0035567332781746104,0.003688130078061417,0.00481568186681491,3.2773569172752817,4,2,0.0,1494.0
686.3538001026786,3.52789633147868,1,6,0.0003539794593311322,1.7055107432338699,0.0001978828769253952,-0.6665906659274534,0.12211440792370908,0.003719007096907714,0.02526819371981972,0.026783410760245138,0.013336284250246086,0.022841409467078442,0.0766848827189263,4,0.0035567332781746104,0.003688130078061417,0.00481568186681491,3.2773569172752817,2,1,1.0,4346.0
686.3538001026786,3.52789633147868,1,6,0.0003539794593311322,1.7055107432338699,0.0001978828769253952,-0.6665906659274534,0.12211440792370908,0.003719007096907714,0.02526819371981972,0.026783410760245138,0.013336284250246086,0.022841409467078442,0.0766848827189263,4,0.0035567332781746104,0.003688130078061417,0.00481568186681491,3.2773569172752817,5,3,0.0,1235.0
686.3538001026786,3.52789633147868,1,6,0.0003539794593311322,1.7055107432338699,0.0001978828769253952,-0.6665906659274534,0.12211440792370908,0.003719007096907714,0.02526819371981972,0.026783410760245138,0.013336284250246086,0.022841409467078442,0.0766848827189263,4,0.0035567332781746104,0.003688130078061417,0.00481568186681491,3.2773569172752817,7,3,0.6666666666666666,5213.0
686.3538001026786,3.52789633147868,1,6,0.0003539794593311322,1.7055107432338699,0.0001978828769253952,-0.6665906659274534,0.12211440792370908,0.003719007096907714,0.02526819371981972,0.026783410760245138,0.013336284250246086,0.022841409467078442,0.0766848827189263,4,0.0035567332781746104,0.003688130078061417,0.00481568186681491,3.2773569172752817,2,1,0.0,1276.0
397.65246894517225,5.333915503373506,1,9,0.000513561643130224,2.283794902079394,0.0003620912418721574,-0.10805467879927866,0.14532609617890055,0.004056329238571317,0.0316612875714104,0.025687195304760616,0.05869260978983922,0.04791355233863096,0.2230418649096709,4,0.005752610743631034,0.0047564602918538255,0.004215197307295235,1.5700921562517407,5,2,0.6666666666666666,3961.0
397.65246894517225,5.333915503373506,1,9,0.000513561643130224,2.283794902079394,0.0003620912418721574,-0.10805467879927866,0.14532609617890055,0.004056329238571317,0.0316612875714104,0.025687195304760616,0.05869260978983922,0.04791355233863096,0.2230418649096709,4,0.005752610743631034,0.0047564602918538255,0.004215197307295235,1.5700921562517407,4,1,1.0,6439.0
397.65246894517225,5.333915503373506,1,9,0.000513561643130224,2.283794902079394,0.0003620912418721574,-0.10805467879927866,0.14532609617890055,0.004056329238571317,0.0316612875714104,0.025687195304760616,0.05869260978983922,0.04791355233863096,0.2230418649096709,4,0.005752610743631034,0.0047564602918538255,0.004215197307295235,1.5700921562517407,7,2,0.0,1943.0
397.65246894517225,5.333915503373506,1,9,0.000513561643130224,2.283794902079394,0.0003620912418721574,-0.10805467879927866,0.14532609617890055,0.004056329238571317,0.0316612875714104,0.025687195304760616,0.05869260978983922,0.04791355233863096,0.2230418649096709,4,0.005752610743631034,0.0047564602918538255,0.004215197307295235,1.5700921562517407,3,1,1.0,2561.0
397.65246894517225,5.333915503373506,1,9,0.000513561643130224,2.283794902079394,0.0003620912418721574,-0.10805467879927866,0.14532609617890055,0.004056329238571317,0.0316612875714104,0.025687195304760616,0.05869260978983922,0.04791355233863096,0.2230418649096709,4,0.005752610743631034,0.0047564602918538255,0.004215197307295235,1.5700921562517407,9,2,0.3333333333333333,3659.0
821.1279396674727,2.366118382559252,1,8,0.0002804006172502162,3.3892048751656554,0.0002509339770715357,-0.28321120555653145,0.11772622154670365,0.002915944847602094,0.01230560191262141,0.02801161864873905,0.01903082486959915,0.010393019819826418,0.07804834065078092,7,0.0013116756756239012,0.0009805801089851603,0.0022029302558126147,8.756926267416679,0,2,0.0,565.0
821.1279396674727,2.366118382559252,1,8,0.0002804006172502162,3.3892048751656554,0.0002509339770715357,-0.28321120555653145,0.11772622154670365,0.002915944847602094,0.01230560191262141,0.02801161864873905,0.01903082486959915,0.010393019819826418,0.07804834065078092,7,0.0013116756756239012,0.0009805801089851603,0.0022029302558126147,8.756926267416679,4,3,1.0,7869.0
821.1279396674727,2.366118382559252,1,8,0.0002804006172502162,3.3892048751656554,0.0002509339770715357,-0.28321120555653145,0.11772622154670365,0.002915944847602094,0.01230560191262141,0.02801161864873905,0.01903082486959915,0.010393019819826418,0.07804834065078092,7,0.0013116756756239012,0.0009805801089851603,0.0022029302558126147,8.756926267416679,4,2,0.6666666666666666,5085.0
821.1279396674727,2.366118382559252,1,8,0.0002804006172502162,3.3892048751656554,0.0002509339770715357,-0.28321120555653145,0.11772622154670365,0.002915944847602094,0.01230560191262141,0.02801161864873905,0.01903082486959915,0.010393019819826418,0.07804834065078092,7,0.0013116756756239012,0.0009805801089851603,0.0022029302558126147,8.756926267416679,1,1,0.3333333333333333,6491.0
821.1279396674727,2.366118382559252,1,8,0.0002804006172502162,3.3892048751656554,0.0002509339770715357,-0.28321120555653145,0.11772622154670365,0.002915944847602094,0.01230560191262141,0.02801161864873905,0.01903082486959915,0.010393019819826418,0.07804834065078092,7,0.0013116756756239012,0.0009805801089851603,0.0022029302558126147,8.756926267416679,2,3,1.0,13151.0
303.89097906626233,5.977499338867752,1,4,0.0005400689658984153,3.2427402206414064,4.763510399103795e-05,-0.8671824970624749,0.21348425403102325,0.0010948753069322337,0.06567199493793292,0.0376451554432853,0.059197746101937926,0.05619612632733093,0.27353342401279945,5,0.004757924481416723,0.006148188550666243,0.003512378345041314,6.737926698655214,21,7,0.0,1550.0
303.89097906626233,5.977499338867752,1,4,0.0005400689658984153,3.2427402206414064,4.763510399103795e-05,-0.8671824970624749,0.21348425403102325,0.0010948753069322337,0.06567199493793292,0.0376451554432853,0.059197746101937926,0.05619612632733093,0.27353342401279945,5,0.004757924481416723,0.006148188550666243,0.003512378345041314,6.737926698655214,18,4,0.0,2393.0
303.89097906626233,5.977499338867752,1,4,0.0005400689658984153,3.2427402206414064,4.763510399103795e-05,-0.8671824970624749,0.21348425403102325,0.0010948753069322337,0.06567199493793292,0.0376451554432853,0.059197746101937926,0.05619612632733093,0.27353342401279945,5,0.004757924481416723,0.006148188550666243,0.003512378345041314,6.737926698655214,5,1,0.3333333333333333,6002.0
303.89097906626233,5.977499338867752,1,4,0.0005400689658984153,3.2427402206414064,4.763510399103795e-05,-0.8671824970624749,0.21348425403102325,0.0010948753069322337,0.06567199493793292,0.0376451554432853,0.059197746101937926,0.05619612632733093,0.27353342401279945,5,0.004757924481416723,0.006148188550666243,0.003512378345041314,6.737926698655214,9,2,0.3333333333333333,3675.0
303.89097906626233,5.977499338867752,1,4,0.0005400689658984153,3.2427402206414064,4.763510399103795e-05,-0.8671824970624749,0.21348425403102325,0.0010948753069322337,0.06567199493793292,0.0376451554432853,0.059197746101937926,0.05619612632733093,0.27353342401279945,5,0.004757924481416723,0.006148188550666243,0.003512378345041314,6.737926698655214,10,2,0.0,1822.0
369.6957849615664,5.766836304178628,0,5,0.0003992325220563524,3.86209577179157,0.0007208232082046602,0.716187443111731,0.2602115209526051,0.0045852998194951975,0.0533129346794321,0.011047879579678628,0.05155792325168649,0.028662551797584975,0.2115343376696616,6,0.005438802277074762,0.003722619379632251,0.004414884130917193,7.484988502435759,1,1,1.0,12911.0
369.6957849615664,5.766836304178628,0,5,0.0003992325220563524,3.86209577179157,0.0007208232082046602,0.716187443111731,0.2602115209526051,0.0045852998194951975,0.0533129346794321,0.011047879579678628,0.05155792325168649,0.028662551797584975,0.2115343376696616,6,0.005438802277074762,0.003722619379632251,0.004414884130917193,7.484988502435759,59,12,0.6666666666666666,4685.0
369.6957849615664,5.766836304178628,0,5,0.0003992325220563524,3.86209577179157,0.0007208232082046602,0.716187443111731,0.2602115209526051,0.0045852998194951975,0.0533129346794321,0.011047879579678628,0.05155792325168649,0.028662551797584975,0.2115343376696616,6,0.005438802277074762,0.003722619379632251,0.004414884130917193,7.484988502435759,43,9,1.0,7877.0
369.6957849615664,5.766836304178628,0,5,0.0003992325220563524,3.86209577179157,0.0007208232082046602,0.716187443111731,0.2602115209526051,0.0045852998194951975,0.0533129346794321,0.011047879579678628,0.05155792325168649,0.028662551797584975,0.2115343376696616,6,0.005438802277074762,0.003722619379632251,0.004414884130917193,7.484988502435759,12,3,0.3333333333333333,4461.0
369.6957849615664,5.766836304178628,0,5,0.0003992325220563524,3.86209577179157,0.0007208232082046602,0.716187443111731,0.2602115209526051,0.0045852998194951975,0.0533129346794321,0.011047879579678628,0.05155792325168649,0.028662551797584975,0.2115343376696616,6,0.005438802277074762,0.003722619379632251,0.004414884130917193,7.484988502435759,4,2,0.6666666666666666,2290.0
913.040184891596,4.2609814311324286,1,9,0.000232905429519138,3.412739212353592,0.00017131772882335167,0.6894062264160699,0.1058010410840444,0.001745406575071537,0.01929853170247307,0.03188559615405443,0.017006207204518047,0.011907996476525308,0.08671278195466227,3,0.0019356427088695121,0.0029748383390883386,0.0011620669445787865,8.270484908800793,3,1,1.0,8668.0
913.040184891596,4.2609814311324286,1,9,0.000232905429519138,3.412739212353592,0.00017131772882335167,0.6894062264160699,0.1058010410840444,0.001745406575071537,0.01929853170247307,0.03188559615405443,0.017006207204518047,0.011907996476525308,0.08671278195466227,3,0.0019356427088695121,0.0029748383390883386,0.0011620669445787865,8.270484908800793,1,1,0.3333333333333333,5130.0
913.040184891596,4.2609814311324286,1,9,0.000232905429519138,3.412739212353592,0.00017131772882335167,0.6894062264160699,0.1058010410840444,0.001745406575071537,0.01929853170247307,0.03188559615405443,0.017006207204518047,0.011907996476525308,0.08671278195466227,3,0.0019356427088695121,0.0029748383390883386,0.0011620669445787865,8.270484908800793,14,4,0.6666666666666666,12857.0
913.040184891596,4.2609814311324286,1,9,0.000232905429519138,3.412739212353592,0.00017131772882335167,0.6894062264160699,0.1058010410840444,0.001745406575071537,0.01929853170247307,0.03188559615405443,0.017006207204518047,0.011907996476525308,0.08671278195466227,3,0.0019356427088695121,0.0029748383390883386,0.0011620669445787865,8.270484908800793,2,1,0.3333333333333333,6359.0
913.040184891596,4.2609814311324286,1,9,0.000232905429519138,3.412739212353592,0.00017131772882335167,0.6894062264160699,0.1058010410840444,0.001745406575071537,0.01929853170247307,0.03188559615405443,0.017006207204518047,0.011907996476525308,0.08671278195466227,3,0.0019356427088695121,0.0029748383390883386,0.0011620669445787865,8.270484908800793,3,1,0.6666666666666666,6038.0
755.5975544206772,5.387957162347221,1,2,0.00024901199084355867,2.033783273428996,2.0036465823723733e-05,-0.4215050308846624,0.11491725547794038,0.002566768139976944,0.02406831697462197,0.039792998196631714,0.007321269638372381,0.017924273222492834,0.09518405124446044,4,0.0004021543278056373,0.003412479628286257,0.0010079625025710484,7.640152274530577,5,1,0.6666666666666666,9549.0
755.5975544206772,5.387957162347221,1,2,0.00024901199084355867,2.033783273428996,2.0036465823723733e-05,-0.4215050308846624,0.11491725547794038,0.002566768139976944,0.02406831697462197,0.039792998196631714,0.007321269638372381,0.017924273222492834,0.09518405124446044,4,0.0004021543278056373,0.003412479628286257,0.0010079625025710484,7.640152274530577,4,1,0.3333333333333333,5806.0
755.5975544206772,5.387957162347221,1,2,0.00024901199084355867,2.033783273428996,2.0036465823723733e-05,-0.4215050308846624,0.11491725547794038,0.002566768139976944,0.02406831697462197,0.039792998196631714,0.007321269638372381,0.017924273222492834,0.09518405124446044,4,0.0004021543278056373,0.003412479628286257,0.0010079625025710484,7.640152274530577,4,1,0.6666666666666666,4055.0
755.5975544206772,5.387957162347221,1,2,0.00024901199084355867,2.033783273428996,2.0036465823723733e-05,-0.4215050308846624,0.11491725547794038,0.002566768139976944,0.02406831697462197,0.039792998196631714,0.007321269638372381,0.017924273222492834,0.09518405124446044,4,0.0004021543278056373,0.003412479628286257,0.0010079625025710484,7.640152274530577,4,2,0.6666666666666666,7333.0
755.5975544206772,5.387957162347221,1,2,0.00024901199084355867,2.033783273428996,2.0036465823723733e-05,-0.4215050308846624,0.11491725547794038,0.002566768139976944,0.02406831697462197,0.039792998196631714,0.007321269638372381,0.017924273222492834,0.09518405124446044,4,0.0004021543278056373,0.003412479628286257,0.0010079625025710484,7.640152274530577,16,5,0.6666666666666666,8843.0
184.45438782762432,5.084166804395892,0,7,0.0008628334770291841,3.827161315909797,0.00021267797595263558,0.5535283365104886,0.35743629381722586,0.012209711103049923,0.07615745683396134,0.03990515380982378,0.14913420543483005,0.07558589533340639,0.3155056598368363,3,0.007487140346651261,0.003417397240918773,0.004395140034211495,2.682099714368716,0,1,0.3333333333333333,2779.0
184.45438782762432,5.084166804395892,0,7,0.0008628334770291841,3.827161315909797,0.00021267797595263558,0.5535283365104886,0.35743629381722586,0.012209711103049923,0.07615745683396134,0.03990515380982378,0.14913420543483005,0.07558589533340639,0.3155056598368363,3,0.007487140346651261,0.003417397240918773,0.004395140034211495,2.682099714368716,12,4,1.0,9294.0
184.45438782762432,5.084166804395892,0,7,0.0008628334770291841,3.827161315909797,0.00021267797595263558,0.5535283365104886,0.35743629381722586,0.012209711103049923,0.07615745683396134,0.03990515380982378,0.14913420543483005,0.07558589533340639,0.3155056598368363,3,0.007487140346651261,0.003417397240918773,0.004395140034211495,2.682099714368716,3,1,1.0,6541.0
184.45438782762432,5.084166804395892,0,7,0.0008628334770291841,3.827161315909797,0.00021267797595263558,0.5535283365104886,0.35743629381722586,0.012209711103049923,0.07615745683396134,0.03990515380982378,0.14913420543483005,0.07558589533340639,0.3155056598368363,3,0.007487140346651261,0.003417397240918773,0.004395140034211495,2.682099714368716,11,3,1.0,10558.0
184.45438782762432,5.084166804395892,0,7,0.0008628334770291841,3.827161315909797,0.00021267797595263558,0.5535283365104886,0.35743629381722586,0.012209711103049923,0.07615745683396134,0.03990515380982378,0.14913420543483005,0.07558589533340639,0.3155056598368363,3,0.007487140346651261,0.003417397240918773,0.004395140034211495,2.682099714368716,3,1,0.3333333333333333,5798.0
155.20420465833732,2.1239446981376453,0,8,0.002561991028043215,0.3393658874252212,0.0005670133231202418,0.8342039353336871,0.5719417525879981,0.013231945999872248,0.0901841850666306,0.011993101951715705,0.07413665205935227,0.07869008630999562,0.4583569098615602,9,0.014976048971834504,0.003115563301680398,0.0012380302682806722,7.921797895317344,6,6,0.3333333333333333,4934.0
155.20420465833732,2.1239446981376453,0,8,0.002561991028043215,0.3393658874252212,0.0005670133231202418,0.8342039353336871,0.5719417525879981,0.013231945999872248,0.0901841850666306,0.011993101951715705,0.07413665205935227,0.07869008630999562,0.4583569098615602,9,0.014976048971834504,0.003115563301680398,0.0012380302682806722,7.921797895317344,1,2,0.6666666666666666,5525.0
155.20420465833732,2.1239446981376453,0,8,0.002561991028043215,0.3393658874252212,0.0005670133231202418,0.8342039353336871,0.5719417525879981,0.013231945999872248,0.0901841850666306,0.011993101951715705,0.07413665205935227,0.07869008630999562,0.4583569098615602,9,0.014976048971834504,0.003115563301680398,0.0012380302682806722,7.921797895317344,12,15,0.6666666666666666,4655.0
155.20420465833732,2.1239446981376453,0,8,0.002561991028043215,0.3393658874252212,0.0005670133231202418,0.8342039353336871,0.5719417525879981,0.013231945999872248,0.0901841850666306,0.011993101951715705,0.07413665205935227,0.07869008630999562,0.4583569098615602,9,0.014976048971834504,0.003115563301680398,0.0012380302682806722,7.921797895317344,1,7,0.0,2103.0
155.20420465833732,2.1239446981376453,0,8,0.002561991028043215,0.3393658874252212,0.0005670133231202418,0.8342039353336871,0.5719417525879981,0.013231945999872248,0.0901841850666306,0.011993101951715705,0.07413665205935227,0.07869008630999562,0.4583569098615602,9,0.014976048971834504,0.003115563301680398,0.0012380302682806722,7.921797895317344,2,2,0.6666666666666666,4517.0
394.953951455271,2.94813018241124,0,4,0.0011644761752511346,0.1380293060473336,0.0004337862710299158,-0.14297785745936298,0.20523649656124412,0.006461215197315086,0.03668893316011612,0.018707311264828226,0.03649836802534575,0.018377510968097404,0.13734502594712045,8,0.005037884189528981,0.005830339989462221,0.0035911497448588656,3.944994520980599,4,3,0.0,2851.0
394.953951455271,2.94813018241124,0,4,0.0011644761752511346,0.1380293060473336,0.0004337862710299158,-0.14297785745936298,0.20523649656124412,0.006461215197315086,0.03668893316011612,0.018707311264828226,0.03649836802534575,0.018377510968097404,0.13734502594712045,8,0.005037884189528981,0.005830339989462221,0.0035911497448588656,3.944994520980599,1,9,0.0,1376.0
394.953951455271,2.94813018241124,0,4,0.0011644761752511346,0.1380293060473336,0.0004337862710299158,-0.14297785745936298,0.20523649656124412,0.006461215197315086,0.03668893316011612,0.018707311264828226,0.03649836802534575,0.018377510968097404,0.13734502594712045,8,0.005037884189528981,0.005830339989462221,0.0035911497448588656,3.944994520980599,4,4,0.0,2806.0
394.953951455271,2.94813018241124,0,4,0.0011644761752511346,0.1380293060473336,0.0004337862710299158,-0.14297785745936298,0.20523649656124412,0.006461215197315086,0.03668893316011612,0.018707311264828226,0.03649836802534575,0.018377510968097404,0.13734502594712045,8,0.005037884189528981,0.005830339989462221,0.0035911497448588656,3.944994520980599,54,58,1.0,4595.0
394.953951455271,2.94813018241124,0,4,0.0011644761752511346,0.1380293060473336,0.0004337862710299158,-0.14297785745936298,0.20523649656124412,0.006461215197315086,0.03668893316011612,0.018707311264828226,0.03649836802534575,0.018377510968097404,0.13734502594712045,8,0.005037884189528981,0.005830339989462221,0.0035911497448588656,3.944994520980599,4,2,0.0,1856.0
252.17155102433875,3.747010112508319,0,8,0.0010708428271501832,3.74590577593357,0.0005594454889487032,-0.926569263143568,0.2500763503045469,0.0009254822529591707,0.047542081101420115,0.02843129451974335,0.06689561278508273,0.07875867901926513,0.2259042476589471,3,0.0019255241185952867,0.0044144867390803946,0.0049703797297919105,7.1740908121194416,4,2,0.0,1002.0
252.17155102433875,3.747010112508319,0,8,0.0010708428271501832,3.74590577593357,0.0005594454889487032,-0.926569263143568,0.2500763503045469,0.0009254822529591707,0.047542081101420115,0.02843129451974335,0.06689561278508273,0.07875867901926513,0.2259042476589471,3,0.0019255241185952867,0.0044144867390803946,0.0049703797297919105,7.1740908121194416,28,8,1.0,7538.0
252.17155102433875,3.747010112508319,0,8,0.0010708428271501832,3.74590577593357,0.0005594454889487032,-0.926569263143568,0.2500763503045469,0.0009254822529591707,0.047542081101420115,0.02843129451974335,0.06689561278508273,0.07875867901926513,0.2259042476589471,3,0.0019255241185952867,0.0044144867390803946,0.0049703797297919105,7.1740908121194416,8,3,0.0,1333.0
252.17155102433875,3.747010112508319,0,8,0.0010708428271501832,3.74590577593357,0.0005594454889487032,-0.926569263143568,0.2500763503045469,0.0009254822529591707,0.047542081101420115,0.02843129451974335,0.06689561278508273,0.07875867901926513,0.2259042476589471,3,0.0019255241185952867,0.0044144867390803946,0.0049703797297919105,7.1740908121194416,8,3,0.3333333333333333,2869.0
252.17155102433875,3.747010112508319,0,8,0.0010708428271501832,3.74590577593357,0.0005594454889487032,-0.926569263143568,0.2500763503045469,0.0009254822529591707,0.047542081101420115,0.02843129451974335,0.06689561278508273,0.07875867901926513,0.2259042476589471,3,0.0019255241185952867,0.0044144867390803946,0.0049703797297919105,7.1740908121194416,5,2,0.3333333333333333,3015.0
723.6912823303584,5.706988435381791,2,7,0.0006772098916083061,0.4558218008731989,1.91046563990658e-05,0.06350867088545509,0.08459486460911561,0.0014278939303870597,0.022356130754696727,0.02404985746665475,0.04130401470404341,0.011639376731803016,0.12887231411365385,5,0.0026120054718927884,0.0014592214090527707,0.0035239330316424455,7.0443721711762315,3,2,0.3333333333333333,2107.0
723.6912823303584,5.706988435381791,2,7,0.0006772098916083061,0.4558218008731989,1.91046563990658e-05,0.06350867088545509,0.08459486460911561,0.0014278939303870597,0.022356130754696727,0.02404985746665475,0.04130401470404341,0.011639376731803016,0.12887231411365385,5,0.0026120054718927884,0.0014592214090527707,0.0035239330316424455,7.0443721711762315,79,15,1.0,8312.0
723.6912823303584,5.706988435381791,2,7,0.0006772098916083061,0.4558218008731989,1.91046563990658e-05,0.06350867088545509,0.08459486460911561,0.0014278939303870597,0.022356130754696727,0.02404985746665475,0.04130401470404341,0.011639376731803016,0.12887231411365385,5,0.0026120054718927884,0.0014592214090527707,0.0035239330316424455,7.0443721711762315,20,6,0.0,2449.0
723.6912823303584,5.706988435381791,2,7,0.0006772098916083061,0.4558218008731989,1.91046563990658e-05,0.06350867088545509,0.08459486460911561,0.0014278939303870597,0.022356130754696727,0.02404985746665475,0.04130401470404341,0.011639376731803016,0.12887231411365385,5,0.0026120054718927884,0.0014592214090527707,0.0035239330316424455,7.0443721711762315,17,4,0.0,1557.0
723.6912823303584,5.706988435381791,2,7,0.0006772098916083061,0.4558218008731989,1.91046563990658e-05,0.06350867088545509,0.08459486460911561,0.0014278939303870597,0.022356130754696727,0.02404985746665475,0.04130401470404341,0.011639376731803016,0.12887231411365385,5,0.0026120054718927884,0.0014592214090527707,0.0035239330316424455,7.0443721711762315,18,4,0.0,2495.0
929.1449791863065,4.429829817953639,2,8,0.0004491254233259468,3.712095917498079,0.0002392753262700776,-0.3962689791686522,0.08241510648662369,0.0011854496242968712,0.012778043289061588,0.036344978410790235,0.024871112722301258,0.01591374542121994,0.05546386443854552,6,0.002756024086436373,0.0017287151964257715,0.0031054716055212883,1.6879476689554709,26,7,0.6666666666666666,7107.0
929.1449791863065,4.429829817953639,2,8,0.0004491254233259468,3.712095917498079,0.0002392753262700776,-0.3962689791686522,0.08241510648662369,0.0011854496242968712,0.012778043289061588,0.036344978410790235,0.024871112722301258,0.01591374542121994,0.05546386443854552,6,0.002756024086436373,0.0017287151964257715,0.0031054716055212883,1.6879476689554709,4,1,0.6666666666666666,7379.0
929.1449791863065,4.429829817953639,2,8,0.0004491254233259468,3.712095917498079,0.0002392753262700776,-0.3962689791686522,0.08241510648662369,0.0011854496242968712,0.012778043289061588,0.036344978410790235,0.024871112722301258,0.01591374542121994,0.05546386443854552,6,0.002756024086436373,0.0017287151964257715,0.0031054716055212883,1.6879476689554709,9,3,0.0,836.0
929.1449791863065,4.429829817953639,2,8,0.0004491254233259468,3.712095917498079,0.0002392753262700776,-0.3962689791686522,0.08241510648662369,0.0011854496242968712,0.012778043289061588,0.036344978410790235,0.024871112722301258,0.01591374542121994,0.05546386443854552,6,0.002756024086436373,0.0017287151964257715,0.0031054716055212883,1.6879476689554709,5,2,0.3333333333333333,3142.0
929.1449791863065,4.429829817953639,2,8,0.0004491254233259468,3.712095917498079,0.0002392753262700776,-0.3962689791686522,0.08241510648662369,0.0011854496242968712,0.012778043289061588,0.036344978410790235,0.024871112722301258,0.01591374542121994,0.05546386443854552,6,0.002756024086436373,0.0017287151964257715,0.0031054716055212883,1.6879476689554709,3,1,0.3333333333333333,4579.0
